Number,State,Value,Param bagging_fraction,Param bagging_freq,Param feature_fraction,Param lambda_l1,Param lambda_l2,Param learning_rate,Param max_depth,Param min_child_samples,Param min_gain_to_split,Param n_estimators,Param num_leaves
0,COMPLETE,0.6402427288220994,0.7838609475230522,1,0.6746802803840612,4.745803997490313,8.385742136692095,0.07892507177067945,2,38,0.6264721169480522,553,32
1,COMPLETE,0.6085333053897147,0.4732969254349989,7,0.5876223763550175,8.792256607905045,8.525889566756888,0.06698245420849663,21,7,0.9426343752515811,433,126
2,COMPLETE,0.6408546777797564,0.6237736873908203,2,0.4760308455256697,5.184483163878767,8.290343419986588,0.020815098891738167,16,25,0.3444105254887462,177,41
3,COMPLETE,0.6353059347553371,0.8866849375564307,5,0.810780095170704,2.692968310091355,9.023513379183033,0.04379241293428141,11,81,0.9396328764080386,120,128
4,COMPLETE,0.6357501091181446,0.7654289520729912,4,0.8399229145927409,8.127697880960334,2.899293409139591,0.017729612567671752,2,55,0.10325894459039209,320,78
5,COMPLETE,0.6007075275358812,0.7816514724782767,6,0.8047459532380333,9.117576203313432,7.096657343574102,0.0645656222844966,11,15,0.7008272140643229,807,99
6,COMPLETE,0.6342668653870045,0.9473006219967116,6,0.7013039805369017,8.69773397278588,7.106339208726107,0.07183485875384556,17,80,0.24557895257399154,297,33
7,COMPLETE,0.6343884542786472,0.5407095256846088,4,0.8991465688443419,6.605226404385847,3.261714847906531,0.05348101678571674,14,5,0.5289750023249522,173,56
8,COMPLETE,0.6407248619815866,0.5478181456145572,2,0.6504844692055276,4.680128350395515,1.2303404662107003,0.07416386461505418,3,86,0.38474307225119353,442,119
9,COMPLETE,0.6329963173751494,0.7898588269503857,4,0.40296769267976695,1.6675528525159131,4.117053208458183,0.04333473003177612,18,15,0.566511592745439,640,49
10,COMPLETE,0.5944767585996857,0.6486953194236829,2,0.4077664724631393,6.371853221442782,5.912139685120886,0.09814051070895614,32,37,0.02235298418862386,974,75
11,COMPLETE,0.6398077280137691,0.5965304789137607,2,0.5337422744823089,4.0993996917248605,1.1193747676039294,0.01176610772336677,4,93,0.3052094502921564,339,148
12,COMPLETE,0.6411146737462502,0.4274424030583505,2,0.5415989766763817,3.5579783884226543,5.049397325699038,0.029627749172693972,5,61,0.37679436567774405,477,105
13,COMPLETE,0.6324650478286553,0.4164794673159263,1,0.5157902962340722,2.971978443966746,5.318721036624037,0.025374157563692493,7,62,0.40068736136442673,674,100
14,COMPLETE,0.6409525111662305,0.41668737206016,3,0.4785903261323763,6.160826197190609,5.518452328821076,0.031669542258283896,6,37,0.1913064796103714,197,52
15,COMPLETE,0.6344884203022021,0.4195848906384592,3,0.6067571719276392,6.904269612754192,5.067056092329836,0.03681319307568619,6,63,0.22099736008714277,488,65
16,COMPLETE,0.6390604191159843,0.48771317885978116,3,0.505422267138067,3.4822346952260026,6.515331446005801,0.03255777455045187,6,41,0.13506866292672065,240,89
17,COMPLETE,0.6350709838785782,0.40224234545384147,3,0.5838608217908223,1.3116848773083376,4.29554669784266,0.05291932187191927,4,66,0.7809999533546047,774,24
18,COMPLETE,0.6220035163005918,0.6953882903371462,1,0.9945771263945322,6.067595233380264,2.5796548142175717,0.0296482248960789,9,49,0.4794234582547134,540,106
19,COMPLETE,0.6402535599035537,0.5010610904806432,3,0.7342202251410184,7.523453202366538,4.387192032100295,0.041610005540819825,4,72,0.003312572822864679,394,61
20,COMPLETE,0.6345262844340869,0.5702248690195711,5,0.4527621654087446,2.1958051617128422,6.197725465309643,0.011603195201633873,3,27,0.1485584183593698,233,86
21,COMPLETE,0.6416067092005235,0.6256982136504151,2,0.4649084484678481,5.448562503059145,9.67297893842455,0.02202862140969669,8,29,0.3663645796767688,183,44
22,COMPLETE,0.6423627987045798,0.45393459840059536,2,0.5545861878465556,5.49321667836641,9.589045505192647,0.025100007214674796,8,28,0.4454339919930702,138,46
23,COMPLETE,0.6395802895922538,0.6793427197470069,2,0.5499321565782254,4.093872744141827,9.805767953539121,0.022067666327624275,8,48,0.4608598153567631,113,69
24,COMPLETE,0.6413011848260035,0.4934997092332724,1,0.6384620873712492,5.61816464075674,9.95453299168162,0.02738179685093447,5,27,0.29963619672315417,279,43
25,COMPLETE,0.637140029436536,0.5201231423218848,1,0.6218861757988161,5.582779413500804,9.991282630663537,0.015685756324671625,10,26,0.28867135405733274,100,20
26,COMPLETE,0.6410735249245905,0.46870175722740354,1,0.7283346792339116,7.506810853331325,9.03915171788262,0.03818134259514094,3,22,0.44697823563902506,271,43
27,COMPLETE,0.64166493698011,0.5998613765197892,1,0.456718458240287,5.6523063040759025,7.691853441877989,0.048292471033582376,5,31,0.5990198005416082,374,34
28,COMPLETE,0.6392932659337139,0.603007498370386,2,0.44769896081540106,9.941889052641171,7.587782076809189,0.04851448709146387,13,17,0.6482217488854233,384,31
29,COMPLETE,0.6372598304138425,0.7305950172210849,1,0.43588049254578765,4.79735781662338,7.96710313891505,0.0923321226227537,8,33,0.8455361556447639,174,32
30,COMPLETE,0.6398753936948074,0.6443423356160961,1,0.49098139327467955,7.032042937682478,9.164256047637553,0.060938848534644416,2,33,0.5920706003067568,390,58
31,COMPLETE,0.6418918860024961,0.5670099384121878,1,0.5707936657714688,5.332329387006359,9.44103822163612,0.023160560774619268,5,41,0.525469091120943,256,41
32,COMPLETE,0.640485056408358,0.5734656820524114,1,0.5575387482844435,5.040499402060798,9.335210429514065,0.022579724196352745,5,44,0.6773362449637718,218,39
33,COMPLETE,0.6419736906744302,0.6616476947571761,2,0.5811705750523031,5.60882061933894,8.508514047897084,0.015988066306309247,7,32,0.5322165326777696,353,48
34,COMPLETE,0.6435420719927409,0.668384981789478,2,0.5640418721013176,6.049409357515697,8.424730738264936,0.016759965590074907,7,19,0.7391560236973022,374,27
35,COMPLETE,0.6428856055756236,0.737274937279186,3,0.5787334340801694,4.3922034743030345,8.261798135235136,0.016668775339218525,7,20,0.7439884340121814,324,25
36,COMPLETE,0.6425945738453845,0.8470890932137654,3,0.667797826285927,4.3880809274807,8.375323862581878,0.016673947232884543,12,11,0.7274402442847908,562,25
37,COMPLETE,0.6424967868982437,0.8356054784070595,3,0.6762691191124806,4.16578941016998,8.54208124405532,0.01643002215292235,12,9,0.991457205592971,582,26
38,COMPLETE,0.6422242701730108,0.8375769781567515,4,0.69425908198089,4.234217150595801,8.637006879076662,0.016504357104631155,24,10,0.971301928692887,609,25
39,COMPLETE,0.6432410022219721,0.8923126651496216,5,0.6623723047888632,3.531597159748983,7.024676900062912,0.01322717775596441,12,10,0.8973756643053683,558,20
40,COMPLETE,0.6423883117599052,0.9599451726671404,5,0.778032273302211,3.275044579756626,6.960197939662735,0.010078949585708014,15,19,0.8825290584138251,515,23
41,COMPLETE,0.6413410547798664,0.9029849085736529,4,0.6540000160928148,4.338876175490727,7.976953949543983,0.01814489086533921,12,11,0.7729663581218298,607,27
42,COMPLETE,0.6435761084518759,0.843645917226569,6,0.6695130306466167,2.3100065057052097,8.577318186303359,0.013744216917947525,20,5,0.9975492997078218,711,20
43,COMPLETE,0.6418798260648346,0.8981072094325341,7,0.7333226522958675,2.323305322720422,7.370556915037382,0.010094597859828719,21,7,0.9005049609879444,706,35
44,COMPLETE,0.6405233367081155,0.9939137689610095,6,0.6076201741757502,2.6017543129980845,8.165181292088121,0.019905583434401214,29,21,0.7676519804171651,843,21
45,COMPLETE,0.642828027946705,0.8307519514052554,6,0.6680674565527974,1.7970014169192368,6.655555854675124,0.014287830216722482,17,14,0.8278107877233793,443,29
46,COMPLETE,0.64329730455535,0.7326027347726216,6,0.7117838797818608,1.821571568088024,6.749137714503468,0.01271055243391182,19,15,0.8257169354199144,472,37
47,COMPLETE,0.6152934327152215,0.7424723974184658,5,0.7792588456272189,1.2604163327581972,7.199205997451725,0.07932487023109636,20,6,0.8325035971963666,746,36
48,COMPLETE,0.63833484025398,0.7971636605899802,7,0.7109937442952128,2.965088339861685,8.78588369406169,0.033343652767143336,26,23,0.9403782940925904,918,20
49,COMPLETE,0.6419528179801897,0.7288568440757566,6,0.765040692866569,1.8249156377418005,6.7909612172973866,0.013321772623701319,20,16,0.8992137392286349,321,52
50,COMPLETE,0.6405625243610026,0.7673817716844626,5,0.8389902693268722,3.7836219696961306,5.910780307455094,0.019571995134473035,10,5,0.7068449070313731,493,37
51,COMPLETE,0.6437696747380515,0.8654156179926936,6,0.6257849958675145,1.0004273242064199,6.424768677714322,0.013730389547518948,17,13,0.8259410780856309,433,28
52,COMPLETE,0.6412590929286499,0.8746811662233014,6,0.6351582202761321,1.516095732616843,6.457988346621481,0.026322223127967802,15,13,0.8752237321386451,432,30
53,COMPLETE,0.6387809436352521,0.9212594583884872,7,0.6075728946040762,1.0386494953054939,7.65814394904828,0.013293430200750005,23,18,0.7909824874360875,431,136
54,COMPLETE,0.6435800772287544,0.8104143333977784,6,0.5237951599862696,2.1164528255608674,5.962379088597034,0.020995188708852905,18,99,0.9248813314570189,465,29
55,COMPLETE,0.6433381318739323,0.7992238464846342,6,0.5208870574762853,2.188259574041876,5.788442597936321,0.02035474207492705,17,85,0.9374655126904514,470,31
56,COMPLETE,0.6425044672495389,0.8121420822574158,6,0.523554261743217,2.1038744085940904,5.740359257850205,0.019743744594401657,18,99,0.9483712864091107,467,53
57,COMPLETE,0.6414140466952213,0.8627564521347091,6,0.49360943634441456,2.4944297013679306,4.913226144676305,0.027828278564071114,28,88,0.9954974311338847,521,38
58,COMPLETE,0.640914488068935,0.8096088316189624,7,0.527492155545993,2.9256795305637913,6.246817719750631,0.03450509028699429,16,82,0.9205749923809766,413,31
59,COMPLETE,0.6394446903109461,0.7699796572656507,6,0.6038876462022056,1.8408569471093985,5.410084434057151,0.02410499096134406,32,99,0.8547567296366246,478,71
60,COMPLETE,0.6358480675335932,0.8610556081888454,6,0.6301464199578871,1.1030206720242361,3.736225213155521,0.030298856449511836,18,75,0.8113009985898658,678,46
61,COMPLETE,0.6430283100749433,0.7128339284177101,5,0.7014156638770106,2.2194340155402186,6.158224707746534,0.012640366239279149,22,94,0.9479650950386115,551,20
62,COMPLETE,0.640899266684345,0.9248135973407323,5,0.7545596038514164,1.487138073949252,5.833795231182947,0.020456399251421578,19,58,0.9237116768743391,514,29
63,COMPLETE,0.6422199298814649,0.7547157840062441,6,0.6848493381529541,3.1857250645742514,4.673874063332853,0.012006319809824903,14,91,0.871271305367716,457,34
64,COMPLETE,0.6408809160031342,0.7854454320095825,7,0.654639709413119,1.9851169274112985,6.375312455524962,0.01012203477706887,14,71,0.9643372307242861,364,41
65,COMPLETE,0.6435083284586323,0.6976251232817957,5,0.5100637845435769,2.574141069261998,6.918282306120275,0.018673364701429843,24,8,0.8102370189673407,411,27
66,COMPLETE,0.642987104097181,0.700157667634361,6,0.5133357990014646,2.7701758527450515,5.63246514213977,0.024714029480629132,24,15,0.8149917519694299,407,28
67,COMPLETE,0.6424232091328365,0.674377977891105,5,0.41814403491461805,1.4833465338984615,7.429798581677325,0.028193291719230445,28,95,0.6566025735372814,350,34
68,COMPLETE,0.6331336884956397,0.6936578268149247,6,0.47611579768094636,2.4904198041111147,5.146265749817768,0.037302241267503776,16,23,0.7438572657885758,422,94
69,COMPLETE,0.6420180473823519,0.7517509622518226,7,0.5566436142009181,6.048419063688545,6.791235820452485,0.018660876815865292,26,52,0.859818268979638,490,39
70,COMPLETE,0.6394293117470737,0.8142315753508425,4,0.5386566375450665,1.5997379241465466,6.167254656064076,0.022140430504853294,22,81,0.7950367974063579,283,117
71,COMPLETE,0.6426693340276657,0.8820078384896564,5,0.5003206738451006,3.6103531987823487,7.234683787646779,0.013787172365719287,19,13,0.903079705129779,583,25
72,COMPLETE,0.6432863341558954,0.64874718357343,5,0.5961118909774414,2.0980821936852356,6.944298799960216,0.015067146799609044,13,9,0.9811858625357839,635,23
73,COMPLETE,0.6429074570681222,0.6242889825451031,6,0.5613446393863877,2.3495856717461394,6.631776604795612,0.015692298564144787,17,8,0.9978110958783888,643,32
74,COMPLETE,0.6388799844443951,0.7036292759271416,6,0.6011456294561371,2.087232270061832,6.054429747072154,0.018298023117913533,14,6,0.968855955784724,720,81
75,COMPLETE,0.6408855992312961,0.6525967472544207,5,0.5918091329953098,1.2331189113284502,8.827078394779614,0.021574341824431173,10,12,0.9271911273272366,804,24
76,COMPLETE,0.6423865577820049,0.7196571807231092,4,0.9182415538594311,2.7481676035361664,7.873271880041496,0.015274755725380921,13,17,0.8596582867317735,645,28
77,COMPLETE,0.6430781287629256,0.6861847789314467,6,0.6203447450172473,6.835150983936182,6.459991714134522,0.024128273887749643,26,84,0.9717999189800255,527,23
78,COMPLETE,0.6341261649235342,0.6435149153514208,6,0.5401078848980886,1.9620858436069177,5.270746330238256,0.06221654074301334,20,78,0.8317666822959767,389,48
79,COMPLETE,0.6421718330210753,0.8582652138725733,5,0.5704853282233368,1.6808208910995937,6.989552466643706,0.018929300084861794,11,8,0.7551322300493342,461,40
80,COMPLETE,0.6216114897369501,0.663710323148658,7,0.6458552742976891,3.219724938434836,2.539958131913637,0.07623449702699908,15,9,0.7148774935330214,596,32
81,COMPLETE,0.6434626893106571,0.7966387202320017,5,0.7094230152556549,2.3564861489883233,6.992405280020018,0.012508392962257024,9,11,0.8954997616865592,566,20
82,COMPLETE,0.6428837051352101,0.7979101846455638,4,0.712887109018957,1.3812753414718761,6.868857331508223,0.010002540466102947,9,15,0.9180835641590428,504,28
83,COMPLETE,0.6425894333684015,0.8252247218921356,5,0.6847571401369403,2.344668476262283,7.421108402584243,0.0152431111450978,6,11,0.8862075471094274,617,23
84,COMPLETE,0.6430672905369584,0.7632919784339995,5,0.7200064397224606,1.0099344424599768,6.646769410808335,0.01753467827632524,13,20,0.9502974674860888,450,20
85,COMPLETE,0.6282105618819264,0.8491189605179708,6,0.5098403796151234,6.328345977784052,6.0081011634305534,0.08628619059763962,9,24,0.8024040520887233,535,35
86,COMPLETE,0.6430078053231136,0.7791268427999902,5,0.5862679760091535,2.663869493764908,8.075872990287296,0.012030712688511178,17,6,0.8357876399451809,663,27
87,COMPLETE,0.6415167026278575,0.8012476625737811,6,0.7480489363163877,5.8343517054955205,5.565117278405976,0.02118364055797612,18,5,0.9821213541775242,710,23
88,COMPLETE,0.642262746946871,0.822580214241425,6,0.6191578785303212,1.7650501600690522,7.139609291795377,0.014512777894222211,22,68,0.678540689473748,301,37
89,COMPLETE,0.6407941458947815,0.6400947520588738,5,0.47454029923398616,2.008041273809539,6.3646501324295155,0.02587894113171938,16,17,0.9111799213990929,567,30
90,COMPLETE,0.6411670108750058,0.6045434263485052,4,0.5263897532699502,2.9505812823163233,7.560507567372223,0.017413005388838523,19,14,0.8807004622894599,404,45
91,COMPLETE,0.642615839487831,0.8913964966581212,5,0.6533566527410405,2.4353858745815984,7.010108476112697,0.0123418559805013,12,9,0.9381209337967266,627,22
92,COMPLETE,0.6427468198415924,0.9186552611394564,5,0.6823216888336778,5.104559568622208,7.892417828664228,0.013658630872584409,11,11,0.8935758225560883,542,26
93,COMPLETE,0.6424840839544272,0.8691664494598498,6,0.6632861600199149,2.280889656345995,7.221254901819281,0.021044776612036926,9,13,0.8447913777812724,573,20
94,COMPLETE,0.6437266111869525,0.8430476061112488,6,0.5702565825310406,2.809201194336703,6.644155397622837,0.011681017159810198,13,9,0.7731984959617325,482,31
95,COMPLETE,0.6423347207691474,0.7790657353811863,6,0.5497298325269463,2.7775133941635963,6.622561287217957,0.011618702266519135,15,19,0.7712654203638329,480,32
96,COMPLETE,0.6310287506913388,0.6708875814870389,6,0.5751052745612765,3.101852516672383,5.731829175536312,0.06964040372193364,24,8,0.8105816238527774,439,35
97,COMPLETE,0.6430652900733653,0.7407874252408412,7,0.48352428690640503,3.388360331036661,7.763231604613181,0.016810062147247017,21,5,0.7296161597898702,372,42
98,COMPLETE,0.6408457149884077,0.8420087466344494,6,0.5953643138817575,8.529044040008369,6.272434916563133,0.02285836304219914,10,16,0.9627690237072588,743,30
99,COMPLETE,0.6419172275895136,0.7241590985044135,6,0.564352494642842,1.3067804437511328,8.320092588646741,0.01502889139727732,7,97,0.05031449332011528,501,27
100,COMPLETE,0.636761350608994,0.8517225215465611,6,0.5437175282144067,3.8725453272723533,9.205632937249186,0.018863806170325556,13,88,0.8656679527118136,678,147
101,COMPLETE,0.6420061874910498,0.907941878250312,5,0.6372632684780942,2.157434730710011,6.798050404574578,0.011355994565906379,17,10,0.9364668658430523,340,23
102,COMPLETE,0.6432465070691096,0.8773680140515487,5,0.7013807126491043,2.597781809515584,5.9806137571991895,0.01317726970869192,12,12,0.7846285040801271,472,26
103,COMPLETE,0.6424098131712753,0.8790675607050825,5,0.7452975667282252,2.6131793376783303,6.062151522916533,0.014104518252374921,16,21,0.7882190085198068,464,26
104,COMPLETE,0.6429361458594018,0.8134152270971499,6,0.7056955376335864,1.9138299999291388,4.813057078182348,0.017159551534255742,14,13,0.6891235663856666,416,32
105,COMPLETE,0.6418466969588295,0.8301060341286467,6,0.6926713747873577,2.4974222399420145,5.458264118872207,0.020133263390645265,8,7,0.7567433154805344,476,36
106,COMPLETE,0.6414496835252306,0.7102082804043829,5,0.725690871268134,2.181420691448898,5.78976769158084,0.011212737419063121,11,12,0.8203200286622366,445,62
107,COMPLETE,0.6428560344370091,0.6845831813492266,4,0.517622018587273,1.6901413676006196,6.452944043894626,0.015331081704991902,20,15,0.7781611671705342,389,29
108,COMPLETE,0.6389555698179084,0.9544687313606328,7,0.4977697827481749,2.8746082997394735,6.568044655144314,0.05671208602460147,19,30,0.8525153791341805,509,25
109,COMPLETE,0.6431834210207972,0.7922801266426428,6,0.6711227541401695,3.081946932440805,7.314812786468485,0.013434244169786148,15,26,0.9857811398155923,428,34
110,COMPLETE,0.6425198386688983,0.7492787930169234,5,0.6145529742453409,6.600326450583273,5.228170093227059,0.023038296617932275,12,45,0.7370758647484078,493,37
111,COMPLETE,0.6431607014699893,0.8732130901529847,5,0.6263886671435361,3.4223715027093546,7.059033277681338,0.012774541761170061,13,11,0.9071702905545005,548,20
112,COMPLETE,0.642701537919259,0.9344428067159419,5,0.6939457777943961,2.574550410154315,6.765383517496478,0.010200325034319009,21,35,0.8791767968360102,465,24
113,COMPLETE,0.6422760893245861,0.896146782129265,5,0.6636542140148378,2.3457384756782984,5.899834482294824,0.018240790686435592,12,9,0.6206754417085188,595,22
114,COMPLETE,0.642505703250259,0.8357248256181317,6,0.6463967645749373,1.8984638156279527,6.346406964901063,0.015828607897612187,18,7,0.9615889957623612,529,27
115,COMPLETE,0.6419589872670206,0.6129705977068742,6,0.5324974770427718,1.6331448203415762,8.841093458069249,0.01410291032372211,10,18,0.9212836747198787,562,31
116,COMPLETE,0.6378447338181714,0.9078094842870259,5,0.6750743108636438,4.850975809319272,7.5176992239799,0.04107257911066482,16,10,0.8345611480457449,447,29
117,COMPLETE,0.6428219086714639,0.8632849338518246,4,0.7159020638362489,2.1320653578733673,6.229502566865554,0.02015941351437269,30,14,0.7998826560681069,368,20
118,COMPLETE,0.6365071595591767,0.8872631355718297,6,0.5807297390719651,2.7572690718313306,6.948825895779125,0.04680742311807273,14,5,0.9485587533762717,661,25
119,COMPLETE,0.6419955493114418,0.8055589889150456,5,0.7720545693351174,3.7146102634780878,6.717603598005864,0.017269590568501948,23,8,0.8917286787903536,520,39
120,COMPLETE,0.6413353570308822,0.6518752559121177,6,0.7372020469058795,1.399622029056665,6.051163749635247,0.011998362737478854,25,16,0.8636139273056209,414,110
121,COMPLETE,0.6427174201712861,0.7831238688498349,6,0.7014595117666619,3.0412828383267487,7.314018525123295,0.013486190628975013,15,26,0.9964497658391547,426,32
122,COMPLETE,0.6425718685836023,0.8206322085234354,6,0.6700783420644952,3.2620368858684823,6.9505308973196485,0.01599382237026114,17,19,0.9775840616887819,400,34
123,COMPLETE,0.6433761371099457,0.7941122592047599,6,0.6823941043891959,2.506965388566932,7.772858589977679,0.013207270536874066,11,12,0.985163575705766,484,22
124,COMPLETE,0.6433812811591852,0.8414068577513726,6,0.63980985567351,2.4998992768515196,8.598186473255229,0.018929945716939397,11,12,0.9330129507112893,487,22
125,COMPLETE,0.6424373445514759,0.8347119001499564,6,0.7912266521896172,2.4364141574711096,8.190139472330198,0.018766410970380093,9,12,0.4214149176926529,479,22
126,COMPLETE,0.6425932663995362,0.766031017703657,6,0.633986871934619,2.017216346980949,9.044042052515573,0.021058286268055244,11,90,0.9993071167098094,459,27
127,COMPLETE,0.6412520805893045,0.8497341214271253,7,0.687602403771814,2.594519274906183,8.544423108436375,0.02686942908030119,8,10,0.32960965463362807,502,24
128,COMPLETE,0.6419008059267678,0.6293344618411217,6,0.6084531748928363,2.2527120438623705,8.76758221144582,0.010192408548634981,10,14,0.9389477479512186,484,29
129,COMPLETE,0.6423769769902963,0.7941248181395656,6,0.5922486044100217,1.8324470606517056,8.001908462375587,0.02393703528107147,13,7,0.9645201352041246,445,22
130,COMPLETE,0.6434657936014829,0.8203911730449966,6,0.5526760244400415,1.1757124041184457,8.525091697954217,0.016676079162266766,11,59,0.9214713586070234,794,26
131,COMPLETE,0.6418200836485277,0.8447203477059273,6,0.5510580373287978,1.4771438161188462,8.434975031566701,0.01692169008260036,11,57,0.9031612305340685,818,25
132,COMPLETE,0.6423458983594741,0.8184596246488682,6,0.563304365993186,1.137476732939381,8.609609865661922,0.01498873342490608,11,67,0.9271596656668679,775,30
133,COMPLETE,0.6419694718396026,0.8602551339290012,6,0.5041445606777217,5.825954056321794,1.3745101696053093,0.01253766188354324,12,40,0.9528803012261133,878,28
134,COMPLETE,0.6432800219788077,0.8027065770012805,6,0.5240627677346255,1.2434782037976695,7.761135980257043,0.01981691966089942,9,78,0.9256426352201466,778,23
135,COMPLETE,0.6443420502391283,0.802387015821773,7,0.5226530202239209,1.2197725871050418,8.238389365473076,0.020003972159309304,9,76,0.9202351125409834,747,20
136,COMPLETE,0.6421652850750642,0.7772069669968391,7,0.5381316171902369,1.6100156103352035,8.364415171427153,0.021926909049254498,10,63,0.9775350026347226,718,20
137,COMPLETE,0.6405635853211584,0.8189466269532348,7,0.48931293878777266,1.1293407166571392,9.269699616031353,0.025183411886637645,7,72,0.9086654794911379,759,32
138,COMPLETE,0.6430642505467481,0.8293810940015908,7,0.4677024140935176,1.0218579391675036,8.972132502895656,0.01780869373382723,18,85,0.8791239989997459,812,23
139,COMPLETE,0.642561226831738,0.7898209046130931,3,0.5090875913501596,1.386095068741778,8.74379413118788,0.01915881299884253,20,100,0.94393150014765,730,27
140,COMPLETE,0.6393223262396609,0.7607696302662157,6,0.5731417274219203,1.7527500650592471,8.23012497135884,0.028712399250873898,22,70,0.845017140001623,683,30
141,COMPLETE,0.6422431066810941,0.8024565455388346,6,0.5190836867677739,1.1716659559828317,7.780429958490486,0.020623965880744072,9,77,0.9265524720504851,784,23
142,COMPLETE,0.6442390728034146,0.8109132917947183,6,0.5270571864129396,1.3088753219521885,8.15204700597248,0.016329183575322148,9,83,0.9644855775168927,852,25
143,COMPLETE,0.6436112594550125,0.6616795886010887,6,0.5489377507359909,1.503559639669242,8.077448198801628,0.015036577506171375,8,74,0.9758483922257929,836,20
144,COMPLETE,0.6435768121863898,0.8088380203250907,6,0.5507373049978657,1.480677435466615,8.159055360041958,0.017091382149571482,8,74,0.969664424443959,866,20
145,COMPLETE,0.6433207957135438,0.8087495050384655,6,0.5510765634232914,1.5526901363805927,8.095675288468,0.016487179184110294,8,75,0.9613680816202086,874,20
146,COMPLETE,0.6420051301031504,0.8465733487493606,6,0.5292028105029252,1.3770609813475083,8.435369943564885,0.022976766153760635,7,83,0.9994721408747129,834,26
147,COMPLETE,0.6431543857206451,0.6639749165490223,6,0.5402894256044054,1.2407057386435028,8.011173426574747,0.017756550236092128,8,73,0.9751166724398552,919,20
148,COMPLETE,0.643075292391331,0.8275498804223931,6,0.5660613634274118,1.5446166696865966,8.626787503332608,0.014903978890611678,10,81,0.9493200801051263,866,25
149,COMPLETE,0.6219889843614901,0.8405875357626955,7,0.5085197920507751,1.0218007766745976,8.15470439487775,0.09836677712592248,8,87,0.9325804601534228,909,22
150,COMPLETE,0.6420360372656646,0.7725804402160461,6,0.5465930628575477,1.937334506202442,7.610596559774918,0.016206126772822897,9,91,0.8860356442590437,857,27
151,COMPLETE,0.6431400181053386,0.7938356299090475,6,0.5595783842375903,1.4590292061940566,8.215857436191017,0.019077347517896075,8,74,0.9616212089442853,893,21
152,COMPLETE,0.6437698176283081,0.8105138994261892,6,0.5317485012697535,1.6908405857826911,8.419704036964456,0.01689250307641087,6,77,0.9647269120657179,796,20
153,COMPLETE,0.6434926926922979,0.8127929522156059,6,0.5176257125386992,1.7720901484672564,8.948381062934555,0.01154405345376261,7,79,0.9081436005835112,790,24
154,COMPLETE,0.6429685962366878,0.8170913910813421,6,0.5290225692308286,1.6924960566858707,9.014350024414497,0.011232833026081534,7,79,0.9789910788732304,797,24
155,COMPLETE,0.6427576187727391,0.8545301805700005,6,0.5007460206329737,1.2649671167935235,9.568110778668355,0.013856327312431735,6,65,0.9095086075309314,833,20
156,COMPLETE,0.6430452818651773,0.8346238323969334,6,0.534945022151472,1.771214582005196,8.445755057232022,0.01182138657607451,6,69,0.9171923738162248,951,25
157,COMPLETE,0.6428978191203111,0.6876331491786106,2,0.516587602600767,1.959867248770746,8.901635807600266,0.015105611265017284,6,76,0.9518331259108096,849,28
158,COMPLETE,0.643233107535292,0.8130264403913026,6,0.5817725116302177,2.3317862830254255,8.330491975719227,0.017477895641883207,9,79,0.9799046422412447,791,23
159,COMPLETE,0.6429941664481161,0.7866634988099129,6,0.48914892944212995,1.526645196532204,8.69959304789809,0.010138798985698975,8,53,0.9011248718195846,824,29
160,COMPLETE,0.6429962990851965,0.8264129103790079,7,0.5546339737645852,1.3431694258543865,8.550080791930775,0.013673727995561552,10,73,0.9985565810103432,768,25
161,COMPLETE,0.6424412383109697,0.8003983920432649,6,0.5416412968093864,2.168528957714192,7.917481295298029,0.02176353044616341,7,80,0.9413861899257208,760,20
162,COMPLETE,0.6428429278282176,0.8081793032390375,6,0.5199819920801497,9.85884437677539,8.295269863328349,0.018965872854410003,11,83,0.49650904498308884,805,33
163,COMPLETE,0.6426014468667297,0.839602404780819,6,0.5316263346076483,2.0353065045457055,8.504665558424943,0.017047276432592292,9,76,0.961584787738708,842,30
164,COMPLETE,0.6422910213564064,0.7861506178801844,6,0.49616770223344153,6.2331501258412345,9.064435164234522,0.014600440316169484,6,71,0.9302185659235965,747,23
165,COMPLETE,0.6405085618555775,0.8242914368217148,6,0.5106553541325778,1.6683118477338534,7.944820426112633,0.01590486943229622,7,81,0.8874518421980889,886,75
166,COMPLETE,0.639819241396199,0.6738714366115464,6,0.5483006312727206,5.316371938504966,8.672427134907057,0.020525034080277466,2,84,0.8579272877203136,737,27
167,COMPLETE,0.6426988980217674,0.8653609300338047,6,0.5701059655489686,2.418957726190782,8.15813329766544,0.01220918221142706,10,59,0.9742946191047276,818,25
168,COMPLETE,0.6373917431265286,0.8061072257867808,6,0.4555409935526251,2.790722512936641,7.831970927614542,0.018354114851298103,8,86,0.9376888338941212,702,129
169,COMPLETE,0.6431118544357524,0.7030618827585882,6,0.4792977379298872,2.193834288556799,8.88389708159784,0.013772633481678136,11,76,0.958614378107667,797,22
170,COMPLETE,0.6430908281344857,0.8176589317479637,7,0.5293570247508618,1.8476953275721022,7.556789738671699,0.01614628185022058,9,79,0.2003327138293619,840,31
171,COMPLETE,0.6431263970916232,0.7953058212030792,6,0.5173651485298262,1.5523911758376787,7.952653122574647,0.016225220380322612,8,74,0.919568492169377,871,21
172,COMPLETE,0.6424411775826107,0.8081033366908994,6,0.5577152273445457,1.0172357092406288,8.115677754876168,0.019699668823829366,7,75,0.9609454556541813,859,20
173,COMPLETE,0.6430638575985423,0.7764063768448612,6,0.5486164282980054,1.2600497847636314,8.349520976097907,0.011859763127002397,9,48,0.9813789548392463,943,20
174,COMPLETE,0.6419153414381258,0.8546162991303233,6,0.6497601072462469,1.5233013754798135,8.076617701867642,0.01720544581258173,16,95,0.9009506365461722,891,26
175,COMPLETE,0.642897990588619,0.8286038911456926,6,0.5448756019909813,6.5286322353804955,8.488806281619404,0.014272760555767067,5,77,0.9479882393821737,432,23
176,COMPLETE,0.6312664021939485,0.8090933438797865,6,0.5597056617769149,7.0845024395706035,7.7295939599577626,0.09494035482611562,8,81,0.9154297671883396,391,27
177,COMPLETE,0.6410403815295596,0.8416566784641506,6,0.5229456673632439,1.7115088044234592,8.724526119305796,0.02261126323924355,18,71,0.8715574391827314,824,24
178,COMPLETE,0.6424329078090067,0.7931476127490023,6,0.5716560649586211,2.0643999250255884,9.164359584737012,0.010053211719762908,23,89,0.9966686013114441,783,29
179,COMPLETE,0.6441153798527426,0.8146334821577514,6,0.5358151450652008,2.4444174267787258,8.167821487431663,0.015782750653578755,10,75,0.9704071884584078,850,20
180,COMPLETE,0.6424964582506535,0.8203065425854971,6,0.9868550028929094,2.6299311258093967,9.35756298466787,0.013094148107038274,10,78,0.936355554063817,800,23
181,COMPLETE,0.6441753794715112,0.8056425031343372,6,0.5034485273550414,2.455380986774542,8.233685621083529,0.0157878802165789,9,77,0.9659078408351582,853,20
182,COMPLETE,0.6432344435591917,0.7802367205014137,6,0.49550060975076426,2.4596603844342986,8.320110704457198,0.018425076141603255,11,73,0.9766495435846894,850,20
183,COMPLETE,0.6427253505805302,0.8302641914354034,6,0.5056720201443735,2.326941488385102,8.584021739797306,0.01550804309972847,10,77,0.9994024669530529,908,25
184,COMPLETE,0.6424264848919702,0.8021873408728661,6,0.5342032212912035,2.938921276290656,8.295851245953555,0.020857289976236426,10,80,0.9566778445306642,757,22
185,COMPLETE,0.6419602089787151,0.8473703955036607,6,0.5161918684791243,2.677535185149485,5.60489364913942,0.01228668236016309,27,7,0.9306164974284217,819,27
186,COMPLETE,0.6431312017765032,0.7638771196563363,6,0.4838506866162804,2.233508530346514,8.838595343754541,0.014666696247716946,9,93,0.8122331286334534,860,23
187,COMPLETE,0.6430617749730516,0.6580121673287913,6,0.5369499370786959,2.4873595693171193,6.556395705805057,0.017538703540241483,21,83,0.9780712382711412,504,32
188,COMPLETE,0.642840262924931,0.6333040159336788,6,0.505226213868583,1.9411587571897673,8.470535473513136,0.019486190781868647,11,65,0.9016075795832328,409,29
189,COMPLETE,0.6240509979326924,0.8169816856151557,4,0.5221918025964064,6.007826859636908,8.132440547439735,0.0834990978319801,12,10,0.7666964889726188,834,25
190,COMPLETE,0.6429896225379544,0.8353325040639527,6,0.5891180663669108,2.1420873186921936,7.823899880384143,0.013495479590476204,19,74,0.9566284551691562,482,20
191,COMPLETE,0.6439349666146919,0.8066579839639593,6,0.5511870772729293,1.3536266627029534,8.284367705072423,0.015933148253542976,8,75,0.9634482133645565,883,20
192,COMPLETE,0.6425361531639517,0.7937151452975757,3,0.5400211049395401,1.2607270452678008,8.314722219875776,0.015498713632405167,8,70,0.5432740708487427,352,22
193,COMPLETE,0.6431908906089636,0.8154275577071209,6,0.5566375339799028,1.4254689768272417,8.012756032388147,0.017884843498024224,9,78,0.9417645655409986,458,25
194,COMPLETE,0.6432936144144719,0.7834418402577736,6,0.6806891241598432,1.1779996144268159,8.59851337975593,0.011516094389390493,17,75,0.9732663379233216,889,20
195,COMPLETE,0.6424161074870808,0.8001266959802078,6,0.5332430545652083,2.8295286996694107,8.254332882657963,0.01618280202741984,7,5,0.9146248582442175,856,27
196,COMPLETE,0.6427730187701499,0.8231720729517925,6,0.5786001086321263,2.3459323225149378,8.42640530788004,0.01409480973394988,9,68,0.9379958903737602,928,23
197,COMPLETE,0.6400556176032679,0.8731555783965416,6,0.5120204664033781,1.8008625152509783,8.711307666582975,0.02124242875328857,10,72,0.9819656344874163,872,28
198,COMPLETE,0.6431031917139427,0.8109979963102487,6,0.5439223712880478,2.569405430100638,8.107852237240454,0.024375782576867365,14,82,0.9631364802622847,376,23
199,COMPLETE,0.634310028961283,0.8381702012212453,6,0.5213863932186853,1.0099952746763334,7.454123431479498,0.01930999452415503,25,12,0.9213892397502719,903,89
200,COMPLETE,0.6427735760421508,0.6768914554862906,6,0.6610295144977624,1.3921490881932512,6.1885044885037575,0.012679314824355591,8,61,0.9995620675405504,838,34
201,COMPLETE,0.6432593493309263,0.8024739669413264,6,0.551697579423443,1.5753171521559863,8.02587921547521,0.01651686314985151,8,75,0.9589046398180626,870,20
202,COMPLETE,0.6429534570139954,0.8139247294377052,6,0.5687969822861948,1.640054006282495,8.196618145020322,0.016810465592796062,9,77,0.9475362590574938,812,20
203,COMPLETE,0.6434449459130371,0.7863923620870609,6,0.5554824302664856,1.3206350007889855,7.720217594789505,0.01543184083424364,8,75,0.9690275247848141,884,25
204,COMPLETE,0.6431988567407722,0.7875037967513498,6,0.5289678057405465,1.203793372974918,7.775985038647982,0.014560541015401288,7,79,0.9791088406995085,444,25
205,COMPLETE,0.6424708237386099,0.8579598830051929,6,0.5572318407304377,1.98682516814075,7.67588023331484,0.01880676758281193,8,97,0.8941194878711135,852,30
206,COMPLETE,0.643446256931142,0.8275119522365205,6,0.4957197972784052,1.3436883297160087,7.187379422876087,0.011852177880233409,11,73,0.9382763959576005,884,25
207,COMPLETE,0.643341596962656,0.8287382500991003,6,0.46613822909356883,1.3580149869152969,7.494200097913354,0.010074672238161345,12,74,0.9296616407280576,887,23
208,COMPLETE,0.6426241699897939,0.6937849853080871,6,0.49555305454769666,1.150917711503628,6.831068865097222,0.012166468282451139,11,72,0.9697305828985854,930,26
209,COMPLETE,0.6360629566183181,0.8400457064431006,6,0.506255413371777,1.3868684706008207,7.198319788246181,0.01457111383029,10,76,0.9542748394154702,899,99
210,COMPLETE,0.6425662065571824,0.8281138635754551,6,0.5417365679587322,1.0088914161364635,7.143734215324733,0.012930358946268183,13,73,0.27721920740022066,982,22
211,COMPLETE,0.6430931179508486,0.8228043499605656,6,0.41224993884890526,1.3272248905742912,7.472859787762083,0.010007566029528174,12,74,0.9333117732380949,886,23
212,COMPLETE,0.6426266134131826,0.8443205092132537,6,0.4916436212776177,1.3447848453447404,7.41127552531442,0.011809825728123233,12,71,0.9263148897457187,881,25
213,COMPLETE,0.6380595586022807,0.8069664560772747,6,0.46620422387011773,1.4883767134345913,7.66988971698126,0.01123892822091619,11,69,0.9819811902751185,148,23
214,COMPLETE,0.6434431240622649,0.8300605137102756,6,0.4368254961810146,1.1947411752528396,7.27273143427331,0.014961548517373196,12,76,0.9097284572406258,873,27
215,COMPLETE,0.6434743491556,0.8530004183386531,6,0.4491928162780574,1.190082907606313,7.076674770880335,0.015331060952167793,11,76,0.880787790248784,843,28
216,COMPLETE,0.6345212279051298,0.851282531841523,7,0.5665140355018157,1.1448934090462457,7.0381929376531955,0.05240960178505685,10,77,0.888665401520063,846,28
217,COMPLETE,0.6432115775458707,0.8617651134601968,6,0.43316990781176307,1.7323864355527325,7.211966018737852,0.016171714829289863,9,79,0.860866118966352,829,29
218,COMPLETE,0.6430564808890425,0.8722325235226412,6,0.4533588422725547,1.2010449319763215,8.418556400234461,0.01493644014379632,11,78,0.9062630699278251,865,26
219,COMPLETE,0.6431196419547399,0.8374444640369457,1,0.4256390416879312,1.5244667074740668,6.923580411981267,0.0170494062833171,9,76,0.8281036110958151,782,31
220,COMPLETE,0.6429130905164908,0.8506731510695278,6,0.4328760454477652,1.185070950080713,6.72576770817102,0.018176760091923167,13,76,0.8830917534233557,799,27
221,COMPLETE,0.6430256415994003,0.7961350337800591,6,0.4442830732765243,1.345448857063528,7.343645006958797,0.014407617212906825,11,8,0.9460559777341166,855,22
222,COMPLETE,0.6435676279151434,0.8174560034723051,6,0.5318072263314298,1.0429251140320597,7.8895501574258935,0.01381245932046721,12,73,0.9143029215390995,907,20
223,COMPLETE,0.6432645255304736,0.8187075046603998,6,0.5369319164445193,1.1077910913691424,7.061625129289897,0.015229096849589287,12,73,0.9096095830113142,948,20
224,COMPLETE,0.6440540370655611,0.8226454485076882,6,0.4408597390771524,1.036834290540857,6.527713296671136,0.012971541314359934,13,74,0.8814003697888334,903,25
225,COMPLETE,0.6433612693787408,0.8128951985966475,6,0.43711576687965686,1.101099508014509,6.5787582285329425,0.013303785162038402,14,75,0.8511768729012247,906,25
226,COMPLETE,0.6424001180673613,0.8274055824600824,6,0.41660360365864146,1.0199715587990137,6.379035000182052,0.013144578803328841,13,71,0.8774571915768024,915,20
227,COMPLETE,0.6427043457128022,0.8087276311571945,6,0.40744130196973705,1.0050915231352069,6.835867269525795,0.015569864910755942,15,73,0.7928022463744068,872,25
228,COMPLETE,0.6433977564057773,0.8297227018851383,6,0.4486163202240005,1.3170805049497045,7.927226254618086,0.011844812555940203,13,80,0.8397094237090909,903,28
229,COMPLETE,0.6435841138785048,0.8205827897298985,6,0.4792509695541424,1.5811269547342577,6.483769658625539,0.01650125075856376,8,77,0.8739983801561948,929,24
230,COMPLETE,0.642098787521874,0.7984275324002109,6,0.5267200057217974,1.628767839017088,6.579064183882922,0.017373033131329495,7,78,0.8641828274481674,922,24
231,COMPLETE,0.6436182789388707,0.8195336309924222,6,0.4610320652754454,1.4011320273183827,6.710063567697022,0.014581190410759117,8,75,0.8967975617393797,930,20
232,COMPLETE,0.643996205806437,0.8125296922467872,6,0.4774046612780111,1.4712697232017804,6.375673661994859,0.01339495857956094,8,74,0.8861693369660761,958,20
233,COMPLETE,0.6423661280475599,0.8187503371780362,6,0.4791904729885521,1.5057827743118062,6.524196879984365,0.013176829792086467,8,72,0.8771985306842397,994,20
234,COMPLETE,0.6427854109276582,0.808283843473703,6,0.4623332792966366,1.8665935536980112,6.347972951260624,0.011542172229211028,8,70,0.8664240420499856,917,20
235,COMPLETE,0.643820104281881,0.8173385942141285,6,0.4821341527674796,1.684109523228193,6.25347206893274,0.014215408415009245,9,74,0.9010758836569895,962,22
236,COMPLETE,0.6416329188458503,0.9900688710695209,6,0.4679140695836201,1.6912493944682425,6.158807183247165,0.01698472544637397,9,45,0.8889825924666118,959,20
237,COMPLETE,0.6429133405744399,0.666039542052686,6,0.4750580022528857,1.5881783355562997,6.223793899162917,0.013934856119959486,7,77,0.8907428270792748,962,23
238,COMPLETE,0.6426287674838017,0.815808120606419,6,0.48193905582501284,1.4805559015780976,6.423763919276222,0.016243654160702635,9,74,0.848387742845166,934,23
239,COMPLETE,0.6421744300514899,0.7988482852987898,6,0.4550302964831952,1.8235287302448855,6.6948769031248645,0.017883362349997295,8,56,0.8062462540248171,987,20
240,COMPLETE,0.6439002657158635,0.8097941222526236,3,0.4773756105954927,1.7023461268976217,5.955903911951685,0.013216074883239563,9,81,0.8976686051806521,965,22
241,COMPLETE,0.6431839854373108,0.81032388856522,2,0.4738598640684053,1.7244713309874602,6.000195847243866,0.01365321298754857,9,80,0.9006544314806694,970,22
242,COMPLETE,0.642888870617988,0.8173210817718154,6,0.48291516095150555,1.5080411585829987,6.430185083610373,0.015535005133118594,8,81,0.872468608891611,965,22
243,COMPLETE,0.6406434181075507,0.7177842127810672,2,0.45361457353449636,4.623161774558393,6.299926999786816,0.013357027430622026,30,78,0.82984058058224,940,66
244,COMPLETE,0.6437926193410136,0.8043596417790112,3,0.5119901771058469,1.9698439852365741,5.863034890682789,0.014330227648249715,10,77,0.9097333781915028,970,20
245,COMPLETE,0.6431447084780132,0.8369043418013791,4,0.5074213025922157,1.8942043672891884,5.936420008315384,0.01653753343490503,10,75,0.9192264474290057,977,23
246,COMPLETE,0.6428904209772728,0.8055700463008723,2,0.4956000561396633,1.663489673547137,6.027944965550194,0.014238662517696423,10,77,0.9086803999661248,950,20
247,COMPLETE,0.6385106381367408,0.45256110595306653,2,0.5140279603181543,2.051623367822077,6.164367018284777,0.018189004929917568,10,79,0.8901781794561637,943,56
248,COMPLETE,0.6425469342338163,0.8217858251567973,3,0.46177942923741166,1.461522417021734,5.812284709336442,0.014993395206479434,9,82,0.8604860745568922,967,24
249,COMPLETE,0.6412507588544306,0.8011343018706671,3,0.48776760503109323,1.2712022432013566,5.70055172957075,0.02005273235232028,9,75,0.9157946473076561,995,26
250,COMPLETE,0.6435614729173381,0.8214446073873288,4,0.5199209306294407,1.7666365167903144,6.557220290488858,0.016012986718278423,6,77,0.8838348513197576,940,22
251,COMPLETE,0.6433527816974957,0.8457043496384627,3,0.5227572562772091,1.9193135237135115,6.509268535307989,0.014403107876623923,6,77,0.8468575572277903,931,22
252,COMPLETE,0.6429510135906066,0.5393647630912224,3,0.5024664246931811,1.777231297612522,6.625646427049552,0.01174191885694543,7,74,0.8742147412362571,957,20
253,COMPLETE,0.6417435087599871,0.7869124326290362,4,0.5130779765091797,2.0821887761664963,6.295153685923776,0.0161055701662965,6,79,0.8256795473202255,932,23
254,COMPLETE,0.6432426275986415,0.8330624447587337,3,0.5290264728245417,1.6627672574698984,6.7216346258360415,0.013136862380150705,20,77,0.8905920189310662,1000,22
255,COMPLETE,0.6409522110966915,0.6504111468429478,4,0.48412985814206616,1.856282796114118,5.491830084559146,0.01825897875872396,8,72,0.7799696731448299,973,25
256,COMPLETE,0.6434745313406771,0.8100587911454781,6,0.5013958602710542,1.478528087264785,6.294008199235476,0.010041329569078928,8,76,0.901843040571675,947,20
257,COMPLETE,0.6427236966258095,0.809269011019334,3,0.49941941070535445,1.5895692373384551,6.0762611571735174,0.010324435373338391,8,81,0.5826515397012906,953,20
258,COMPLETE,0.6410192301993185,0.7777644249626776,1,0.5157947958922559,2.1908947298803776,6.302174801754513,0.011454666268626413,7,74,0.9043029455421212,915,81
259,COMPLETE,0.6433709394768599,0.8190982364456336,4,0.5043107769775053,1.7474603829054036,5.999970080578047,0.013266912085053385,7,79,0.9222889899710124,930,20
260,COMPLETE,0.6429185524965514,0.7937715105987715,6,0.5312899090024447,1.47811360540888,6.463857666877062,0.0101332982400399,8,84,0.9542966060136227,946,23
261,COMPLETE,0.6438764923494128,0.804738592946475,6,0.4721969531448657,2.035426253918176,5.740341436530504,0.012416975439678412,9,75,0.9013906854887895,978,23
262,COMPLETE,0.6407674682838643,0.8010493409332285,6,0.46647096854285225,1.9917420755684647,5.797643487690192,0.017362142647275616,9,69,0.9402576977502163,986,24
263,COMPLETE,0.6425774305868426,0.683063376149878,6,0.4749931633548694,2.3046696362681267,8.208698033690453,0.014472017574508415,6,72,0.7497485376395823,916,26
264,COMPLETE,0.6419868794451193,0.8241996841983137,6,0.544753218317837,2.1141917760409346,5.633922286337325,0.020023734268871735,5,74,0.866850643053849,971,22
265,COMPLETE,0.6434370440818441,0.7934366940228613,7,0.48855645515925994,1.8622432860767997,5.882996047799389,0.012660477343028963,18,78,0.9206932825720433,974,24
266,COMPLETE,0.6430386874798328,0.8344683430078881,6,0.5218948604069374,1.662467039605177,5.413843716545291,0.015579001426063156,9,75,0.9613175174215705,902,29
267,COMPLETE,0.6416320865101053,0.8200573122398311,6,0.5407653650551679,1.9815638180473227,6.11222292336314,0.039518151491633964,22,71,0.811114312100761,420,22
268,COMPLETE,0.6423239718495907,0.807913786325349,6,0.5142422408468104,8.292099582365674,8.13803950784847,0.016932018395719804,16,6,0.8927077788430386,955,27
269,COMPLETE,0.643024805691399,0.7875886811201459,6,0.47521064931022744,2.1988884717967805,8.322923360921672,0.012696168431624738,10,82,0.9466484939760553,928,25
270,COMPLETE,0.6427839927418608,0.7760179784661768,6,0.5301032959343523,1.39794803417564,6.512994244824037,0.019224580451248165,19,80,0.9169994357460871,900,20
271,COMPLETE,0.6423388217195133,0.8280549924403003,3,0.4855608224625739,1.7917667427299626,5.858832457871542,0.01455205142465896,9,73,0.7207930449855369,387,23
272,COMPLETE,0.6434903171417811,0.8125583465652658,6,0.5120929585084945,1.3150828765456262,8.409135226953637,0.016152796370267185,8,76,0.9975359672960291,966,27
273,COMPLETE,0.6429214996080949,0.8016966708352123,6,0.5392981998418347,2.3365816639864003,7.926288337402339,0.01213211929285208,9,51,0.8449873421105286,944,31
274,COMPLETE,0.6429578651784132,0.8343660851672464,7,0.4955988673057059,7.739912889927675,6.652395349835467,0.017713774732010024,7,67,0.8730242532713642,924,22
275,COMPLETE,0.6325998897916029,0.8222115017270143,6,0.4618075739580582,5.7893957479107465,6.163191646397976,0.0706277664877167,8,77,0.935114345088349,698,25
276,COMPLETE,0.6320600575464789,0.8436669734591542,6,0.5243793698076832,1.6009770621552655,5.66688208774375,0.057844126695100966,8,75,0.90075563360068,980,20
277,COMPLETE,0.6377919394405943,0.8044248367403857,5,0.5669253779313884,1.0178371624697744,3.764298059670077,0.013872246497171139,3,86,0.9687640854330059,324,23
278,COMPLETE,0.6434576131342895,0.8163301115455041,6,0.549675261318793,1.9555356740977858,8.075564199828234,0.021097210830383146,15,78,0.9809743995490346,404,29
279,COMPLETE,0.6399143241452326,0.7882336287000286,6,0.4716842896200151,1.2440984947233917,6.429233073018365,0.03460273945013697,23,5,0.9512386072389829,820,25
280,COMPLETE,0.6427252577018634,0.6386031549053215,6,0.5326915788611466,1.727393249867907,6.806670522050473,0.014764173777136309,9,73,0.9255105110752208,895,20
281,COMPLETE,0.6407721265062313,0.8272118450946706,4,0.5079236801047716,1.464784159982168,8.616236784604885,0.01854269050726623,25,71,0.8828978324490928,765,23
282,COMPLETE,0.6433887114525312,0.770159675386423,6,0.49253760609941916,6.4300415384071306,8.256382313347268,0.011868799578882552,28,80,0.8513017569062368,999,27
283,COMPLETE,0.6436571093661163,0.8033908942392589,6,0.44286560845262185,6.751378184048397,6.024389248544731,0.015381480662464763,10,76,0.6365870764096857,727,22
284,COMPLETE,0.6434312570264498,0.6667848409192455,2,0.4363912615871388,7.059708612162558,5.9540189685057205,0.016961449043245293,10,75,0.7980786047472351,863,20
285,COMPLETE,0.642285802289782,0.8040628600550345,6,0.45274917926330444,6.149929431839546,6.118489943679631,0.015643015177497544,10,70,0.649091848567291,731,22
286,COMPLETE,0.6356939461027669,0.7088262148789082,6,0.4428495182393912,5.427872216911619,6.294567981871726,0.06604150238378194,21,76,0.7534174108983345,726,25
287,COMPLETE,0.6429287227105687,0.7911406162156588,6,0.426022022862415,6.7206114122973615,5.855389628611178,0.019567687759855935,17,8,0.680377155485271,359,20
288,COMPLETE,0.6346459961049831,0.8393985406356594,6,0.8482924489842312,7.244256846821732,6.477283574812789,0.01658107758424285,10,73,0.7710680670574638,707,119
289,COMPLETE,0.643030821371204,0.7985885869265428,6,0.4587662789437362,7.3532500263666165,5.27785485649018,0.01403546581590886,9,37,0.6225693494598677,954,28
290,COMPLETE,0.6423055890180721,0.8616647697421326,1,0.583004778924092,2.720028279654975,1.8223346076060012,0.018301069502189387,5,77,0.9677890643629036,936,23
291,COMPLETE,0.6432255629297406,0.8171806257979107,5,0.4793665344182903,9.050356134557468,6.211171124642204,0.015340586316429438,14,92,0.8205556691810656,433,22
292,COMPLETE,0.6421637668660872,0.8281631756964221,6,0.5594939717403168,1.2227070917091813,5.772208891743476,0.013081235547097161,9,74,0.7034652290327656,913,31
293,COMPLETE,0.6412758718170374,0.6929775721199667,7,0.5486111722811018,2.4481972772757743,5.5268568581115325,0.022154921877826736,8,72,0.9890837268514563,746,26
294,COMPLETE,0.643624433936676,0.7346905655415051,6,0.44566662337216334,2.184099010320651,6.653850544000589,0.016846874225533343,10,78,0.4645702094050079,852,20
295,COMPLETE,0.6430304177062289,0.7766065432867486,6,0.4258773475038048,6.7817553633889975,6.692223256962235,0.01589277656566025,10,78,0.5050432295589018,839,20
296,COMPLETE,0.6436923961149968,0.7487512002169798,6,0.4461587682419284,2.1682674777423516,8.447682865159102,0.013738967699452986,9,76,0.5014964113082119,865,22
297,COMPLETE,0.6435349239076519,0.7633863034809187,3,0.44690816833574337,7.823504430022327,8.036793794423224,0.013648626746326387,9,76,0.9453530612621822,860,20
298,COMPLETE,0.6437147941627273,0.7389219809725267,6,0.4486189073995176,2.1600276997647625,6.037280487911488,0.012015984997901592,10,80,0.37298351015836434,872,23
299,COMPLETE,0.6433431437496844,0.7267762209354436,6,0.4575146114295522,2.2204890092593432,5.97365766275642,0.011616748700191111,10,82,0.4193484695332874,885,24
300,COMPLETE,0.6433242215074471,0.7518563110983371,6,0.44499683249457894,2.097556147599723,6.027893764900746,0.012852248707962198,10,80,0.35610115122131286,847,22
301,COMPLETE,0.6433604584765343,0.7638573151384542,6,0.4399598187981852,2.3357179857889983,8.481834902359344,0.011488550508493246,9,83,0.382588050110999,877,20
302,COMPLETE,0.6432216548812211,0.7484694315376242,6,0.4668651019395208,2.0582740789920195,8.289741695191964,0.01362548728786802,10,79,0.4912060016679063,833,24
303,COMPLETE,0.6439015052888399,0.7401304349945087,6,0.4290301913661855,2.175836966505775,5.745160257053997,0.014394372011621132,9,74,0.4442431033722368,863,23
304,COMPLETE,0.6430469143863596,0.7303691810362974,6,0.4213966847839575,2.165986970790549,5.61546226801612,0.014838080067155228,9,98,0.46622424790524497,861,25
305,COMPLETE,0.6432746135825933,0.7135747835676605,6,0.4305510775123955,2.3646066333668077,5.708853968313354,0.010105517235750983,9,75,0.3257201728206356,827,23
306,COMPLETE,0.6361307080335102,0.7368814648753259,6,0.4138849258168517,1.973908728889163,5.417432736419706,0.045950920341641555,10,78,0.5661061436881285,863,27
307,COMPLETE,0.6431937162637891,0.7338928036900642,6,0.44495795293333,2.549816648288945,5.867097412883511,0.017342869106109656,9,81,0.38841287807023084,843,23
308,COMPLETE,0.64284056299447,0.7740232121659972,6,0.4046500416069928,2.2066664970477152,6.114534483331009,0.011909039270560527,8,69,0.43262483490848563,882,25
309,COMPLETE,0.6432008750656474,0.7440835957134938,6,0.46427054387649525,1.977670927914283,5.031386977786689,0.014931459622126754,9,75,0.46715487604312,873,22
310,COMPLETE,0.6434640539126082,0.7523990739430305,6,0.4465583489007405,2.198024798112196,6.274716123612868,0.012983991046706,18,77,0.4100053314739329,809,20
311,COMPLETE,0.6420545272648756,0.7209842862660562,6,0.4613043577333658,2.3986693152427305,5.766862433336321,0.01731545041331352,10,72,0.4491744523096416,865,29
312,COMPLETE,0.6428862164314707,0.7842450301606998,6,0.4297500619940598,1.860577599639173,6.033471391324465,0.014722422586749466,8,85,0.5218223429219004,844,25
313,COMPLETE,0.6312351913896389,0.8826941575450225,6,0.45597909610615645,2.042007955623736,6.416807466539125,0.07437881531203971,20,74,0.4524922333394351,894,22
314,COMPLETE,0.6372563831864007,0.7411080006563361,6,0.4382155846090641,1.615013684635502,6.199022039107016,0.011746564433238547,10,79,0.3673584809710985,855,141
315,COMPLETE,0.6437349917005053,0.7946146131581171,6,0.4690394394619416,4.071099743390665,5.905166790788206,0.01583369280380202,8,76,0.5591430817504086,826,27
316,COMPLETE,0.6135879196176005,0.7628990437933537,6,0.4732336240137419,3.818607137795754,5.658454514717665,0.05121851654454773,9,77,0.60067906697464,821,107
317,COMPLETE,0.641758162155807,0.797050742345403,6,0.47870134308758544,1.334277952605062,5.927793145681318,0.019605756779339557,8,75,0.48735516166375514,834,29
318,COMPLETE,0.6423202852809691,0.7904018873024304,6,0.44942163823829445,1.5260706627562777,5.519948996528606,0.01676630169942575,8,81,0.5587446319565822,816,34
319,COMPLETE,0.6424406238828662,0.8061954032853315,6,0.42230573805918253,1.8383932454720682,4.458258002548222,0.018434476777950945,9,34,0.5073145109558258,854,27
320,COMPLETE,0.6436754636195833,0.7565947160524181,6,0.47272232633148853,4.286129779050895,5.857325425692725,0.01553052134839306,8,73,0.5225183490259299,887,26
321,COMPLETE,0.6415365465122503,0.7320764012958598,6,0.47455141638873666,4.938254056421877,5.838264156960363,0.014732227566398805,9,71,0.5248190298875067,901,32
322,COMPLETE,0.6428222337467977,0.7524952372339049,7,0.4646594397953895,1.959898648404812,6.0283283630748885,0.012981493196681444,4,79,0.4718443827857044,978,27
323,COMPLETE,0.6413074648527834,0.7741668816710987,3,0.48883105788052084,4.107296502084406,5.30022633015668,0.01569852830525975,10,76,0.5372322277692972,875,30
324,COMPLETE,0.643328622527352,0.7640033668220703,6,0.4555136663176799,3.9588955110025124,5.74809218226427,0.014354146667195955,8,73,0.5431580353366599,894,25
325,COMPLETE,0.6397748025263799,0.7303054556673395,6,0.43681957865756865,2.5726387796605805,6.288933900688003,0.03141586524560249,11,78,0.5077707658365804,807,28
326,COMPLETE,0.6378873365481926,0.7574358823484442,6,0.46874288112344525,2.2229177238828264,5.873295907864335,0.011285231396572858,8,63,0.4784999865777708,832,95
327,COMPLETE,0.6432283921568225,0.7445166112766809,6,0.4857174114672556,1.6370076046267519,6.134142267270702,0.016148033320487382,9,76,0.14959265961577184,850,25
328,COMPLETE,0.6434320286338356,0.7826506048074484,6,0.4476569574743547,4.308293297632377,5.5536648024299975,0.012914370457267474,10,74,0.5963672739248361,916,23
329,COMPLETE,0.6415982893921502,0.7401228394488515,6,0.475271978739304,1.3987541159017542,9.80622787128841,0.02085859952591429,9,83,0.5169775486136946,964,30
330,COMPLETE,0.6424258347413024,0.7207519298824526,3,0.45664156173047993,2.898633678635647,6.343123569313457,0.018227449414529088,11,80,0.48704352609325985,865,27
331,COMPLETE,0.6426556272797962,0.7956864914412014,6,0.4842819150737385,4.414892497888491,5.9914079314417785,0.014213641907280632,8,70,0.4000758092705992,898,23
332,COMPLETE,0.6431206278975108,0.7833526790814049,6,0.4380446264117104,5.198183026247363,5.681440848240328,0.010026573486755681,9,77,0.43273693118575957,985,25
333,COMPLETE,0.6406861815891105,0.8060789759276463,6,0.46603099448508467,2.0909898555946835,6.55516780728961,0.01611570225413542,10,72,0.5457241657972212,879,33
334,COMPLETE,0.6436856052555493,0.8088128742286519,6,0.49632958702007696,4.6927374346768564,6.2421357259905355,0.01279708941516873,8,75,0.6633075641991446,841,22
335,COMPLETE,0.6433506526326715,0.7947071699461327,7,0.4929756317820502,3.581928182711381,6.437540099595362,0.012654561041961677,8,82,0.4337453763277772,829,20
336,COMPLETE,0.6384676924701035,0.7719388982465037,6,0.47741358085265145,1.1528077417539773,6.181845968437788,0.011509558773628407,9,75,0.6333929782587172,811,125
337,COMPLETE,0.642160358933466,0.8115862805816839,6,0.49643118327559826,4.373433091662337,6.79280222935204,0.013937871856516165,7,80,0.580264973035918,844,50
338,COMPLETE,0.6431049635531251,0.7496750373255064,6,0.4548947829336312,4.097585727078101,6.671946888490007,0.015235000971880406,8,78,0.5983986406647905,848,22
339,COMPLETE,0.6404694349310491,0.8014460708628505,6,0.4259859660153675,4.688679155097939,6.342566351250535,0.013017914994560655,8,73,0.6590297024372043,208,24
340,COMPLETE,0.643018782867081,0.8172176826935329,6,0.4725827181762215,4.76136465300868,6.049849462731803,0.01124236097968968,9,76,0.6689748244071275,881,22
341,COMPLETE,0.6435218994607579,0.7857876768749518,6,0.44405625117851966,3.3163449911701077,5.903796009301675,0.016468912208142845,10,85,0.3345570614050791,922,20
342,COMPLETE,0.6428877917965503,0.8292486669979932,6,0.484975322953314,1.36192727922867,6.191529447657856,0.013927618904037464,11,74,0.4976174455855335,787,26
343,COMPLETE,0.6429465697036247,0.5875336208906077,6,0.5025542038679235,3.65933505767744,6.5995912476104,0.010034087383015365,9,78,0.6312635898912264,957,23
344,COMPLETE,0.6286749552160503,0.809760033373566,3,0.46150857853170923,4.502314247557848,6.409503507546361,0.08696674674751673,10,76,0.4580552240109062,831,20
345,COMPLETE,0.6432099271634063,0.8487990809361118,6,0.4138091731716356,4.876075242591582,5.752203566689657,0.015291746739690915,7,81,0.5245596677471677,857,25
346,COMPLETE,0.6420648582304316,0.6167239224093289,6,0.4685772600150312,9.59233236790533,6.15135236225154,0.017435006720691534,9,68,0.47963259448383594,935,23
347,COMPLETE,0.6427288442473055,0.8370800176342943,6,0.45357028233267055,4.181559235950316,5.41975614665894,0.01296603907689008,8,71,0.5708937962411438,875,27
348,COMPLETE,0.6425677676332363,0.7049490999455369,6,0.48737586994116266,3.9251863641804405,5.948806045942927,0.014842306448332586,8,74,0.8620619905833568,894,22
349,COMPLETE,0.6405245155527327,0.7978388360873174,6,0.501893022194086,1.6931378711339917,6.4848768149923774,0.012300025159934107,10,79,0.7114932153898836,972,59
350,COMPLETE,0.6369368377054465,0.8189532541244707,6,0.4313087700270839,1.0016548594519872,6.275047765187034,0.01810733913711074,7,76,0.2734655530577152,999,70
351,COMPLETE,0.6432700268053548,0.7562162577082858,6,0.40152770398069626,4.567227136741156,6.933181542508449,0.016210001610889483,9,72,0.89702101719381,810,20
352,COMPLETE,0.643198256601694,0.7859128813702011,6,0.4476912135978504,1.8382481062730802,8.339771393564012,0.013867689304337495,8,83,0.5566050285759845,839,25
353,COMPLETE,0.6435501917315752,0.806599698313883,7,0.47946199693931496,5.032622783612883,5.541332070413021,0.011626668778356868,11,78,0.611246597890307,910,28
354,COMPLETE,0.6435246143756344,0.7691298492234067,6,0.4588156949544565,1.5103531406829551,5.132980898142355,0.01636082531140734,9,88,0.4490404274069499,863,23
355,COMPLETE,0.6434095698577461,0.8264768699133925,6,0.43726884363619833,1.2146913591413244,6.800507483837516,0.01424663514483043,10,74,0.8737374145036477,938,20
356,COMPLETE,0.6417756662122471,0.7234934082531331,6,0.4942759210942017,2.4274059366939147,5.801407952973181,0.01919447778850602,9,77,0.050091462032335166,828,25
357,COMPLETE,0.6437757189959079,0.7404574775478916,6,0.4707008382824134,1.6234240058111264,6.021544468870122,0.01200315110923295,8,80,0.50672542039606,851,23
358,COMPLETE,0.6434703660896958,0.7368879714177196,6,0.4625209449056767,1.343228319637262,2.8897873393855695,0.011294116234786239,8,84,0.5161300329740937,848,22
359,COMPLETE,0.6434025968132215,0.746501385759672,6,0.4699879051348673,2.7357883992192606,6.101242132201442,0.010139043142293431,7,81,0.501002136582733,869,20
360,COMPLETE,0.6420723028128033,0.7145942827679279,3,0.9400203767929726,1.7798993747433869,5.9375883801878855,0.012692609357743299,10,80,0.4802761357434746,819,27
361,COMPLETE,0.6424417598604065,0.7582304284017679,6,0.4223927851990792,3.0731601978779137,8.565209793771693,0.012750088789596195,11,75,0.5304430248426405,794,30
362,COMPLETE,0.6432864949074341,0.7391006285406165,6,0.44694800810074925,2.2666167439262304,5.618411162279466,0.01394993815334893,9,66,0.49354241139260374,852,23
363,COMPLETE,0.6426643364409392,0.7721892868879255,6,0.5082684992557137,1.9626866659661846,8.103840345671353,0.011466053297049823,8,72,0.5274875955123554,878,22
364,COMPLETE,0.6423834927859997,0.7287387956340461,6,0.4404347462408225,1.1925227513949528,6.0577152593495285,0.015056044059246439,10,40,0.9382230132803979,834,26
365,COMPLETE,0.6438779676913127,0.7995418177772147,6,0.4720130865445725,1.5826959236811518,5.768657117664022,0.013731953206030514,9,79,0.46474739694809447,888,20
366,COMPLETE,0.6435808095413196,0.7878293043602439,6,0.47062640095811203,5.686341445413493,5.864997195075899,0.010113471672411853,9,82,0.446531247370315,888,23
367,COMPLETE,0.6434405377486194,0.7985034523713039,7,0.48436251574917116,1.6799359079019722,5.604729433934624,0.01276674312800067,10,79,0.4158997970741821,907,20
368,COMPLETE,0.6434480466316066,0.7787088515540738,6,0.4574494324225314,2.112747912753049,5.384994455337715,0.013716412261519935,9,80,0.6943659828684834,889,29
369,COMPLETE,0.6437963201986608,0.8085349520456905,6,0.47017161228058824,1.8600866522851582,5.736788397348819,0.011668682713492567,11,84,0.45982565490024657,861,25
370,COMPLETE,0.6439632838913041,0.7951331710235563,6,0.4924195609748397,1.8836347953357293,5.7247913514139075,0.0116350309166316,12,86,0.4735455217555935,864,26
371,COMPLETE,0.6433591188803783,0.7923941797972215,6,0.49460713601696765,1.8830596904243229,5.708465322219112,0.011315816674869687,11,86,0.47045098084504555,867,32
372,COMPLETE,0.6432790717586009,0.8107517060899745,6,0.4841011910638672,1.8334999960333809,5.283978628234857,0.01018674513930127,13,88,0.5089165160312856,871,29
373,COMPLETE,0.6434902242631143,0.8007070141997854,6,0.5069021257229412,1.6458142692932973,5.705302253130539,0.011748110704089647,14,87,0.4572160631559158,855,26
374,COMPLETE,0.6430200260123139,0.7795199272072919,6,0.4934979787227162,1.964477085582267,5.471601149699648,0.012185552215489033,12,90,0.48543323160537516,882,28
375,COMPLETE,0.6434652899133282,0.7960319160149387,6,0.4759025373097979,1.7061506123610666,5.782974761161878,0.010024263650262415,12,85,0.5503392157865415,863,31
376,COMPLETE,0.6441647019970828,0.8063704780726528,6,0.5038366800547222,5.2093250949303584,5.905982631778229,0.013148010086800083,12,84,0.42890194392816566,843,26
377,COMPLETE,0.641878807971756,0.813905841155566,6,0.5033954565757947,5.26012889648384,5.569395474141907,0.012875302414270587,13,84,0.4326466880818102,847,75
378,COMPLETE,0.643227599115898,0.7853785332365456,6,0.5114250523264285,4.310146489217101,5.898989042659041,0.012028908600807547,12,84,0.40883968948335525,826,27
379,COMPLETE,0.6427590976868953,0.833555449662002,5,0.49062927059662437,1.9305962569609507,5.774579658650346,0.011669236505578228,12,83,0.440196277247111,885,35
380,COMPLETE,0.6447325514492802,0.8073496750958925,6,0.5010812737008138,5.146802006442572,5.891687092845047,0.01338857537300498,13,87,0.3882172707389801,839,25
381,COMPLETE,0.6440063724481979,0.8082444742042969,6,0.5163886219450375,5.33833234334553,5.529417312838098,0.01320281034965826,13,85,0.4075654564541525,806,25
382,COMPLETE,0.6427608766705908,0.7948200150605317,6,0.523325994756357,1.5501588608407841,4.874821782236777,0.010013820462860814,14,87,0.4542211283991189,803,30
383,COMPLETE,0.6435927408777502,0.8145248079855294,7,0.5081094808080193,5.127692292670729,5.5665761898235395,0.01358777503934208,13,85,0.38949623635051067,819,28
384,COMPLETE,0.6437200489519157,0.804174114838201,6,0.517644230189726,5.401765234472129,5.312161019906586,0.013584508604144004,13,88,0.39837155687684067,781,25
385,COMPLETE,0.6430139746099447,0.8025906960307627,6,0.523055564869582,5.4678410610044335,4.9742896633954725,0.01189804694936493,13,88,0.3627026243820717,779,33
386,COMPLETE,0.6318689918397946,0.8238526602752634,6,0.5172773189095793,5.480038893277113,5.1529120153773915,0.062377146738691644,15,89,0.39503496219673345,779,25
387,COMPLETE,0.6438881950614326,0.8073115385270734,6,0.5156443872122654,5.306438330854084,5.067663729426888,0.014120921337235805,14,86,0.40943591899323767,802,30
388,COMPLETE,0.6435234212419914,0.8081428352703948,6,0.5158375073583229,5.327557773438109,5.246584123258261,0.014662225629753958,14,91,0.4181491077602616,769,37
389,COMPLETE,0.642563559515178,0.7945701957968017,3,0.5297785867956362,5.647188047069891,5.111203679200776,0.013747048057322579,14,87,0.4011118593645915,785,30
390,COMPLETE,0.6429265722122061,0.8387465828063314,6,0.5023407297456969,5.215090023355339,5.365936928095595,0.014752896336311546,13,86,0.4228926589278603,800,32
391,COMPLETE,0.642991901637548,0.8238823122920677,6,0.5163107459292217,5.046868728623822,5.370920501825449,0.015843507441103345,15,89,0.3481541615543901,802,29
392,COMPLETE,0.644198613427243,0.8078577693193626,6,0.5038653067010691,5.400876313382978,4.793372127018173,0.013131641171280333,14,86,0.37385186865946063,809,27
393,COMPLETE,0.6170865339679147,0.8609396007807684,6,0.5032498385622858,5.32256692052234,4.258980262544898,0.04355361020563947,13,86,0.3760943350530551,806,112
394,COMPLETE,0.6435165767986976,0.8167604020265032,6,0.535252692042293,5.588863241781763,4.636438361569434,0.011279003362305263,12,84,0.4275376991661192,823,34
395,COMPLETE,0.6424646687408044,0.7863370554129976,6,0.4970775078688,1.0029898312685956,4.817366496985416,0.017189108356796722,14,86,0.4066716135294463,833,31
396,COMPLETE,0.6425634452029726,0.8310168122223169,7,0.5071817784084418,5.687695936137896,4.449417866150915,0.013431077971169741,15,83,0.44371195243209915,823,28
397,COMPLETE,0.6439337877700744,0.813558614335916,5,0.5248384027496777,5.201884302820334,4.544441498092338,0.015197677287628083,12,90,0.3598344106653378,800,26
398,COMPLETE,0.6410755825442862,0.791257968012969,3,0.5262394774121965,4.957233463031778,4.7206145881775035,0.018172441581886332,12,89,0.3466508050757409,819,27
399,COMPLETE,0.6432156177678776,0.806796551589496,5,0.48747668899168345,5.1271268582298015,4.375053517425443,0.015451523701641448,13,91,0.35387924495350187,758,25
400,COMPLETE,0.6428320931745067,0.9312834882772356,5,0.5135148101419439,5.970593636634689,5.077606227324283,0.016928002123653037,12,94,0.3986634282602368,799,27
401,COMPLETE,0.6426758462511126,0.9009327145915867,5,0.499095247931228,5.521422599925326,4.152374889534399,0.015199655777109989,13,86,0.3082437211977103,988,25
402,COMPLETE,0.6439176233097904,0.7996198662369496,6,0.5373161681371204,5.23311087206463,4.52470541956055,0.013502586253298922,14,93,0.37238223323056796,796,25
403,COMPLETE,0.6437910761262418,0.8154970697778373,6,0.5347848519487223,5.06129450615486,4.0110438201918495,0.012854899178616708,16,91,0.37878690678082594,773,24
404,COMPLETE,0.6437404822586172,0.8165127349371246,6,0.5358052246017776,5.242526355925708,3.67092654214893,0.012905966141142722,14,92,0.37751919557251956,778,24
405,COMPLETE,0.6432867306763577,0.809015069166285,5,0.8211245278431724,5.037248186311258,4.583650445265942,0.011358657195751585,16,90,0.37826576593672867,767,24
406,COMPLETE,0.6438581595294841,0.8233136468572736,6,0.5251918369396352,5.423283618908712,4.821996635953349,0.013714238757495298,15,90,0.3181446555441235,757,24
407,COMPLETE,0.6438910064272323,0.825528854061398,7,0.5265984053343414,5.276394121805017,3.8996989512329003,0.012932162549232816,15,91,0.3334066197486944,752,25
408,COMPLETE,0.6443330624419847,0.8287240804330114,7,0.5254246686261421,5.332093219275889,3.6686829014845435,0.013571577838241785,16,95,0.3094110034888525,749,28
409,COMPLETE,0.6431717183087773,0.8309561402929939,7,0.5236787229998949,5.386664181518286,3.7601634600802623,0.014013710203828385,15,92,0.30715190490875016,739,30
410,COMPLETE,0.6435336700456497,0.8258627069198211,7,0.517746716807146,5.251028009634498,3.447430158460953,0.014356177477499484,15,94,0.3181131923557525,749,28
411,COMPLETE,0.6431164019181702,0.8422093533615856,7,0.5415264314818292,5.503041673556223,4.045224327270582,0.010304638547416001,14,96,0.2890150395944453,761,26
412,COMPLETE,0.6444222652569571,0.8241879348076958,7,0.5250108229472499,5.4206763342439555,3.362442809987116,0.013112941327048343,16,93,0.3336550716751033,719,29
413,COMPLETE,0.6435376781173489,0.8279374666656572,7,0.5263252842471011,5.553710344745678,3.2423650557504455,0.010063663190303036,16,94,0.3205698088079545,736,31
414,COMPLETE,0.6430232517598579,0.8473604319919675,7,0.538482538432843,5.192541527666592,3.323825869282344,0.01261259957392436,15,93,0.29668967212864755,753,35
415,COMPLETE,0.6432265345834859,0.8232026271092491,7,0.5238497924620186,5.781362328936908,3.6418889401607792,0.014698924963885966,16,96,0.2554788752787226,747,29
416,COMPLETE,0.6438721234798155,0.8370740926137974,7,0.5102318951822039,5.350497436478282,3.032027762983302,0.011976718077178213,14,90,0.33648913660207325,716,31
417,COMPLETE,0.6428866451022407,0.8331166774743636,7,0.510363223423246,5.2562618089162,2.8334862968234105,0.013274995971709815,14,90,0.3331626474549025,703,40
418,COMPLETE,0.6438720020230974,0.8434578676797216,7,0.5445832893596863,5.437375680862826,2.994386623686118,0.015938548317957588,14,95,0.32885985354002556,686,32
419,COMPLETE,0.6429084787334574,0.8479399667490768,7,0.5464457339794644,5.391368412258173,2.775671946565364,0.017294677026196626,15,95,0.33562421485463384,687,36
420,COMPLETE,0.6432821296100933,0.854034110372052,7,0.5339620387352417,5.929286234026529,3.2704765405996117,0.01556444709616908,14,93,0.3531345452991263,662,34
421,COMPLETE,0.6441204953239307,0.8432096082068183,7,0.5220590042604927,5.585489355543612,3.0392655527566967,0.018786453644551872,16,97,0.3417989395725916,747,32
422,COMPLETE,0.6435783696901872,0.8396157432757699,7,0.54833995974703,5.7060317239716705,3.063986860831157,0.019500804643377428,17,96,0.34272746143864424,728,33
423,COMPLETE,0.6427300373809486,0.8663398141582714,7,0.517800365376913,4.88165050199142,3.125517293658261,0.018471145376228883,14,97,0.3374872536439897,717,38
424,COMPLETE,0.6434150032597554,0.8423434352159505,7,0.5384133246974414,5.464478239483042,2.6220774007928136,0.016827857853037226,16,98,0.36473381482297673,713,32
425,COMPLETE,0.6434864198100309,0.8540481671666149,7,0.5153838591057837,5.5895507279179695,3.502249093974976,0.01979754241681566,16,94,0.3589125306608667,737,31
426,COMPLETE,0.6240789722726887,0.8339795149592518,7,0.5277559957991806,5.13100158591466,3.8946178234348534,0.08010398490583649,15,100,0.27640634372291467,672,36
427,COMPLETE,0.6441946339335953,0.8388221625541717,7,0.5062728910816198,5.893056870905491,3.1945960498054045,0.017690205009263105,17,93,0.3199923965806008,699,33
428,COMPLETE,0.6436272810250397,0.8292250941244783,7,0.5044520605923285,5.904042606952009,3.440423831055881,0.020994869547357898,18,92,0.30447664938141483,701,33
429,COMPLETE,0.6397484178404886,0.8204513557813339,7,0.5073078049253275,5.614374255226184,3.171273607016157,0.017795694658621474,17,93,0.3596337925622482,729,89
430,COMPLETE,0.6432507651987579,0.8360155349909294,7,0.5128523435695964,4.885102289660731,3.4426049833735495,0.018612954015740268,17,89,0.2936615592536072,717,29
431,COMPLETE,0.6425631308444079,0.8002756456332875,7,0.503281787167877,5.7621318511830975,2.375257719071504,0.015716972292271075,16,91,0.3344001529726503,763,30
432,COMPLETE,0.6399515899241679,0.8186624138729,7,0.5246984886262394,5.332848595593486,3.554391693370916,0.035469159113921095,13,88,0.38526143276005875,745,29
433,COMPLETE,0.6424841553995556,0.8565737989424366,7,0.49804430182138715,6.1485975680533524,3.05461529206354,0.02179100053258976,15,97,0.2528903739546818,719,43
434,COMPLETE,0.6429662706977609,0.812085525107263,7,0.5155960899521764,5.112425858526032,4.150171068696173,0.011912201230957004,17,87,0.36574750488203595,788,34
435,COMPLETE,0.6412616042249105,0.8342083637198181,7,0.5294341812437612,5.2484413782407415,4.552320428634048,0.017704628274996165,14,92,0.307954738212825,248,31
436,COMPLETE,0.6439504273404618,0.7988568023743563,7,0.5012664980639238,4.990311664637165,3.85434445046624,0.014953382483101393,16,90,0.3529493707694613,770,28
437,COMPLETE,0.6439391532992117,0.7835018077461657,7,0.4949805265634052,4.939007197399169,3.7145119020998094,0.01950644135322916,17,99,0.3767457121868091,769,28
438,COMPLETE,0.6388072854540663,0.7791481026461233,7,0.49986674839361234,4.832268934768597,3.7983743423093705,0.02079987148551203,17,100,0.37260907357668777,769,63
439,COMPLETE,0.6413170885115691,0.7903585663041738,7,0.49285915024754134,5.0093624917894255,3.9376449369003073,0.026148531112235647,15,94,0.3949812401087538,779,28
440,COMPLETE,0.6328766074903814,0.7968435105354099,7,0.5193808029515561,4.996311881017869,4.158123588583183,0.055588301120740584,18,97,0.3541272371506319,750,28
441,COMPLETE,0.642764791863623,0.7818089077353274,7,0.5046494146809909,5.847952194304676,3.830335807280316,0.02220378798346396,16,99,0.412194356977022,793,27
442,COMPLETE,0.6427274689285851,0.7976853733636297,7,0.4940768581112472,4.762045041101596,3.644006679496937,0.023093979477863666,17,99,0.37937305280524786,762,29
443,COMPLETE,0.6422154324106367,0.810096823776123,7,0.5349265610133165,5.1549227047545285,3.3721865951326078,0.018166603229393626,19,88,0.3507299414858172,788,32
444,COMPLETE,0.6435757440817212,0.7835885593099245,7,0.520318118646683,5.64443385487613,4.3825128430052445,0.019937313163422378,16,95,0.39260694297717763,768,27
445,COMPLETE,0.6436207973796442,0.8007099095180438,7,0.4914965838159605,5.264946935957993,3.915160948376337,0.0193779529847414,15,93,0.31939881547935967,774,35
446,COMPLETE,0.6445917259568353,0.8178183866279798,7,0.5066390411356935,5.54180184223459,3.6040758298254967,0.01679620514996718,18,91,0.41734514990457805,744,27
447,COMPLETE,0.644225023118929,0.8195256178511772,7,0.5112544430665665,5.4528147972408965,3.58912123962111,0.019319165688428352,16,91,0.41714134214122023,742,30
448,COMPLETE,0.64373777806051,0.8219486841642387,7,0.504404804707182,5.564678492946226,3.5276707023924776,0.021601865988695075,18,92,0.4184524246451785,741,27
449,COMPLETE,0.6412891356051112,0.8220900478026448,7,0.5306909628515253,5.800215789677006,3.321488430778102,0.02303811628612943,19,96,0.3764127299738565,742,33
450,COMPLETE,0.6445527919341537,0.8271016536387101,7,0.5093039467878291,5.537250158791645,3.601118581385242,0.020424278116459155,17,90,0.34173298418645903,753,29
451,COMPLETE,0.64370857129205,0.8150135666803101,7,0.5114413799055508,6.042803483472201,3.6146171384551935,0.019901178381834014,17,89,0.3616783126811457,731,30
452,COMPLETE,0.641070313466072,0.5077859749137761,7,0.49973363574917823,5.6370966376155565,3.2083406317700267,0.020576296383156223,18,93,0.38973425287640473,755,37
453,COMPLETE,0.6420250811552357,0.846355617442268,7,0.5047215555607137,5.573361501451951,3.7062110284185863,0.022756857172119782,19,98,0.4172639965584235,768,33
454,COMPLETE,0.6423929449764774,0.8128506089775428,7,0.48957728804594497,5.8353843975860595,3.4711800813141287,0.02491199260723994,17,91,0.3468524921529874,733,29
455,COMPLETE,0.6438501791086501,0.8311044344156854,7,0.5093321638815301,6.254150764474801,3.6745587143792235,0.019894038988752912,16,95,0.4342245718271453,790,27
456,COMPLETE,0.6436972508114666,0.7890320372796585,7,0.5413950277071877,5.454242276477285,3.3367762012757107,0.018785582013288157,18,89,0.36828220771631476,750,31
457,COMPLETE,0.6398443757923442,0.8158489908164857,7,0.520217654096926,5.054861278591325,3.3933568336676143,0.018173819404847504,16,90,0.39346829517796933,717,83
458,COMPLETE,0.6427287978079719,0.8278248346263789,7,0.4933266522626291,5.397797677808848,3.5546377440028385,0.020495493364158512,17,87,0.31030977650275277,808,27
459,COMPLETE,0.6432313428406223,0.799174957611121,7,0.5139074875219863,5.741828200297976,4.224949987221179,0.02389969393548656,19,93,0.40933924455789306,771,29
460,COMPLETE,0.6418396560414329,0.8431828802005952,7,0.5587327036840737,5.524944440802172,3.7758312269977297,0.01751243563203158,17,97,0.2814986669752818,697,53
461,COMPLETE,0.642312083380237,0.7744239552961665,7,0.5292898807191388,5.19536035036338,4.023462406529122,0.016894848226770287,18,95,0.34582534788879915,739,35
462,COMPLETE,0.6342773571040993,0.8134028758468314,7,0.49579337033194615,4.889397844558613,3.2802978223476105,0.04954660191580466,16,88,0.321096273221127,793,32
463,COMPLETE,0.6433188881286176,0.8058695051248828,7,0.5083400241524915,5.435905951933777,3.6451792563185403,0.01846590772970976,13,85,0.3702385399521821,759,26
464,COMPLETE,0.6418164613805217,0.8265059978484982,7,0.5417947673335898,5.93587997237525,3.788899714136837,0.021667339900160985,16,92,0.39138239117543444,729,29
465,COMPLETE,0.6442043969103812,0.7900361113552576,7,0.5221509852928043,5.014528226784372,3.1384743548834084,0.01613771990024066,18,90,0.42672815678048626,811,26
466,COMPLETE,0.641911490545709,0.7719353634767074,7,0.523918786431197,4.729315518664915,2.7256943558751487,0.01939800608559112,20,90,0.4339975047808664,791,31
467,COMPLETE,0.6434504221821233,0.7918468966387163,7,0.533747813419962,4.899868301710879,2.9157485890612675,0.016163551196173596,17,92,0.42767083927367666,817,38
468,COMPLETE,0.6446337464090606,0.7899829045398805,7,0.5153019042395371,5.046347345126686,3.214414211904453,0.01807006233271649,19,88,0.41531075777192644,808,26
469,COMPLETE,0.6438136206364852,0.7864198015332748,7,0.5166895931307537,5.003467571122275,3.16332643361931,0.0199082395210315,20,88,0.4009008241124621,804,27
470,COMPLETE,0.6436047615205912,0.7991420651124364,7,0.5238715187661119,5.129444178529411,3.086883447312606,0.017869588055319185,19,90,0.3733839214474396,780,30
471,COMPLETE,0.6408674450241884,0.7806627758197235,7,0.5532100260863867,5.126298904369371,2.944255341704107,0.020995999972702073,18,87,0.3453716688207035,808,33
472,COMPLETE,0.5973385110760954,0.7936896109032041,7,0.504475085399465,5.311761510666972,3.245102868167814,0.0915151741411748,18,94,0.4083753802044769,779,102
473,COMPLETE,0.6415323026716276,0.8496688671348677,7,0.517186957647139,4.726723219117364,2.5222941154622394,0.02377231537741217,16,91,0.39125363563624743,757,27
474,COMPLETE,0.6353392389019067,0.8168992773414729,7,0.5463391146573905,4.957194894066475,3.1322061238089187,0.04119219444367128,19,89,0.35990529787951664,805,29
475,COMPLETE,0.6436786214942555,0.8357558426144664,7,0.531129725459335,5.588458347992992,3.4150246829684656,0.017015797747323147,17,87,0.3233126572668046,787,26
476,COMPLETE,0.6435783375398796,0.8047447022860785,7,0.5044476707476987,5.209107852980798,3.4215946234008587,0.01889870272921786,17,96,0.3801431150512137,813,33
477,COMPLETE,0.6439067600780283,0.819878704454925,7,0.5378136375636653,5.398133717135591,3.995106367507645,0.0166736494000616,18,93,0.4165539110649587,765,26
478,COMPLETE,0.6435171519319806,0.790030995289012,7,0.5148975419987579,4.586206074380471,3.549747838799733,0.01878585139115073,21,90,0.34849712470762295,750,30
479,COMPLETE,0.640426771472669,0.4282503649493015,7,0.8539069237389137,5.090549703921155,3.2462308972908858,0.016355862019716956,20,98,0.4245102547294809,710,36
480,COMPLETE,0.6428037008805098,0.8058572502268497,7,0.49910202479533233,5.563768365664882,2.9166571782523807,0.02145307329742593,15,100,0.38269211771068157,795,28
481,COMPLETE,0.6435416719000223,0.769133811084255,7,0.5237635671750033,4.830648881619734,3.5565763842382276,0.016238639564767173,12,86,0.36373315692904223,828,25
482,COMPLETE,0.6420406669099802,0.8691608048234507,7,0.5110155202380422,5.6986096318536195,4.335355241079265,0.018290321416388013,13,89,0.29676350047669076,739,31
483,COMPLETE,0.6431954988197408,0.8289898760632183,7,0.48873083526152783,5.241616715049671,4.588279991539115,0.020175961463279497,19,92,0.2649041832015199,768,26
484,COMPLETE,0.6289162504202046,0.7826570011237841,7,0.527080384175648,5.44356489571613,3.118254160962727,0.06895555867987006,15,95,0.32342595257348145,785,29
485,COMPLETE,0.6434468856482711,0.8009525209169727,7,0.5408828973313966,5.001483999813036,3.685866179842907,0.017254181571361594,16,85,0.394459705747052,814,25
486,COMPLETE,0.6439406393578808,0.8166966298762088,7,0.5019514754386181,5.946707724056351,3.3438863531635685,0.015849397484731333,17,91,0.3369540147931696,639,32
487,COMPLETE,0.6439315586820706,0.8543260236204263,7,0.49749385166684607,6.333364745253345,3.288754194793132,0.016003354448639963,18,88,0.2920412485711626,692,40
488,COMPLETE,0.6424018398949539,0.8397811603758065,7,0.48912753958706323,5.992001115483374,2.707216694906104,0.02228976791562853,21,90,0.33589762972696935,726,34
489,COMPLETE,0.6416094098263743,0.8204484249754418,7,0.506487759816909,6.150692572138391,3.444668838002741,0.029105728028602264,18,87,0.34328154479244555,673,34
490,COMPLETE,0.6436637180404864,0.815095864662806,7,0.4860767721570086,5.878681123897634,3.074992583474388,0.019044459073868314,17,91,0.3173699147481943,700,31
491,COMPLETE,0.6438694514320162,0.8314660361862888,7,0.5129516046654988,5.705106824525703,3.8656541114072778,0.017514202479398357,16,86,0.4304848899055114,601,36
492,COMPLETE,0.6443001905384416,0.8421610505951664,7,0.5006382251382898,6.088607175309505,3.4727551636109686,0.015762903683532663,19,89,0.303470939860512,717,32
493,COMPLETE,0.6307668078450981,0.8548091654281631,7,0.49567694886780006,5.936590217866195,3.499972211771815,0.0582481450763805,19,88,0.30260867663484486,710,37
494,COMPLETE,0.6432416523726397,0.8709912492813922,7,0.49778865885969215,5.813089636111072,2.4434404150242393,0.020597193744657568,19,94,0.30819061747503784,722,34
495,COMPLETE,0.6440302315488027,0.839274682993107,7,0.4852549276391147,6.183687686999491,3.304230573749961,0.018876024634596155,20,85,0.2743742470406238,690,32
496,COMPLETE,0.6428628324409694,0.8587206807373965,7,0.48429795197670944,6.388145547892621,3.221652444047723,0.022473440113099173,20,84,0.271318015058318,645,38
497,COMPLETE,0.6438905813287188,0.8436198856395669,7,0.4855717482504207,6.144452376177471,2.899980906090795,0.019686615467992857,20,85,0.23492362259919347,675,34
498,COMPLETE,0.6412940438854273,0.8464068257912966,7,0.5024969712062338,6.5812699156195125,3.6052003606423333,0.0254273396013343,22,87,0.2728273377433414,687,32
499,COMPLETE,0.6409328423224023,0.8368283957874947,7,0.48608659213961436,6.136141983149782,3.2098148433052,0.01818257969840474,21,85,0.29467316922314846,699,67
