Number,State,Value,Param bagging_fraction,Param bagging_freq,Param feature_fraction,Param lambda_l1,Param learning_rate,Param max_depth,Param min_child_samples,Param min_gain_to_split,Param n_estimators,Param num_leaves
0,COMPLETE,0.6419619165172821,0.8941114847092374,5,0.4351521275048569,4.141770880460109,0.009148803225933026,14,52,0.1090295018759746,623,38
1,COMPLETE,0.6399962895687056,0.803835418604505,6,0.5464392976950618,4.800399907786571,0.0023278207500838062,18,27,0.09800810651634839,703,32
2,COMPLETE,0.6426356476496596,0.7081142666911502,5,0.6654489055369049,2.3855109882548104,0.012097928800646904,11,45,0.7284669360068194,746,13
3,COMPLETE,0.6432316429101613,0.8335270040823707,6,0.6239320617134497,8.38131509118788,0.012622813977726327,20,15,0.4007573063161274,750,37
4,COMPLETE,0.6426720167922344,0.7853061410899692,5,0.5360452567214004,1.6279923349717407,0.01649992359720379,18,55,0.14645140132170242,1104,16
5,COMPLETE,0.6430879488958141,0.8632440234911085,7,0.5121368386989166,1.5899199449461294,0.009794839196075593,21,94,0.7119615365727378,694,31
6,COMPLETE,0.6423664495506372,0.7941475305696051,5,0.45928157005666914,2.0602330948132987,0.012952179461185463,9,13,0.3422510412156107,1057,12
7,COMPLETE,0.6429601442780069,0.8180358335933896,5,0.4970298836667121,0.6477371162227269,0.014012973130919978,17,36,0.8191537177800343,831,32
8,COMPLETE,0.6435984386267344,0.7576769467112625,7,0.5720734028524483,8.505513024122394,0.013292842426799893,10,82,0.05099057220446024,940,36
9,COMPLETE,0.6424236878151963,0.8897940931429139,7,0.5033279317327696,9.356134245526537,0.004267858955996859,19,51,0.6195215862293886,1062,38
10,COMPLETE,0.644433907240618,0.7417276381060204,7,0.5974183508769177,7.1846841057875235,0.018435344477854797,8,89,0.001365850075368713,942,23
11,COMPLETE,0.6434069978331263,0.7367727630395194,7,0.6188208938542248,7.507713123481151,0.01964356751790579,8,89,0.9978198595113258,938,21
12,COMPLETE,0.642927961819952,0.7558175176724465,7,0.5970530658423683,6.5113278605826945,0.019889275550779954,10,75,0.008564755442419698,914,25
13,COMPLETE,0.6432891312326694,0.7586125065469034,6,0.6955707405512339,9.938664528212957,0.016138403262800333,8,74,0.25811913296330524,986,22
14,COMPLETE,0.6432535837090704,0.7006074826880585,7,0.5846855912544603,6.293952700538262,0.006344806266166828,12,75,0.007649236308331744,1190,28
15,COMPLETE,0.6445561927222621,0.7309640062157455,7,0.5766397987579863,7.984062280672306,0.016716224375406638,9,100,0.23540741882318,865,17
16,COMPLETE,0.6439839243888776,0.7290332775515626,6,0.6513812831335756,6.453558973923491,0.017247291249890658,14,99,0.24590007648872136,827,18
17,COMPLETE,0.6428653223036915,0.7313045729896237,7,0.40435301876955626,7.643653377470741,0.01803705792410876,9,65,0.4998675150895452,842,10
18,COMPLETE,0.6432490469434218,0.7668410450831695,6,0.5654721304504978,3.9337152932012343,0.015089798219815594,9,100,0.22680405309886542,1002,18
19,COMPLETE,0.6433559645779626,0.7192753913087155,7,0.6157684373720943,5.643901082051946,0.007867411425856848,8,88,0.3633179997322913,870,24
20,COMPLETE,0.6431812705224346,0.7726502028608284,6,0.6648756324248962,7.336694927031408,0.017597137307118822,11,64,0.18583125830955471,792,28
21,COMPLETE,0.6438400088946328,0.7264873700329717,6,0.6542752097042209,6.469229344616765,0.018656732522282688,14,100,0.30272911248886314,875,17
22,COMPLETE,0.6437340521970678,0.7368022946794885,6,0.6434805519739873,8.891584159754885,0.016539748611772074,15,92,0.4794608033863619,808,20
23,COMPLETE,0.6442658968768449,0.7440476783557187,6,0.6951885394886554,5.449568367633141,0.014608915298465072,13,82,0.20546535968007473,980,15
24,COMPLETE,0.6441525206027031,0.7442534865263519,7,0.6859139043733324,5.16052329981699,0.014902084761641506,12,66,0.15447939603447247,997,14
25,COMPLETE,0.643058613526123,0.7789068864985597,6,0.5311257018989651,7.91829832215895,0.010752575166493023,11,80,0.42699069118672167,948,15
26,COMPLETE,0.643372561281273,0.7459666611112663,7,0.6034437341973795,3.142598330704947,0.015497137187244816,10,84,0.08530095230694543,1043,10
27,COMPLETE,0.6438661863896517,0.7125445839293925,7,0.47647105192985795,5.693609319695583,0.011178453731203271,13,92,0.29954392423134163,1122,19
28,COMPLETE,0.6429329736957042,0.8121607990676029,6,0.5659070739971392,7.123877130921334,0.018490406062795093,16,72,0.18783440847468558,901,23
29,COMPLETE,0.6439823668850801,0.8379427370246604,7,0.6370620157899913,4.216646147609818,0.014095324726847516,9,84,0.10918471818528226,621,27
30,COMPLETE,0.6434731595942134,0.7163790639043878,6,0.6849092644181997,9.438296995091784,0.007854494024159763,13,60,0.6029243883078552,1018,21
31,COMPLETE,0.6438948716086749,0.7494369976305547,7,0.6989393905829374,5.19960867214766,0.014192889395031758,12,80,0.15734830865052588,972,14
32,COMPLETE,0.643947916044201,0.7417993209371574,7,0.6784828215665405,4.870830610573575,0.014884431802181327,14,67,0.06234488614475151,880,12
33,COMPLETE,0.6434366761394333,0.7673340632004308,7,0.6657975225518094,4.179305955464521,0.019088531850854244,12,95,0.10368500703122996,964,15
34,COMPLETE,0.6438145244173585,0.70059425767603,7,0.6345170273085468,5.6144751611258314,0.01718369198160846,10,69,0.14422909340648793,1091,13
35,COMPLETE,0.6376496243172238,0.7887638592746978,6,0.5492483478575613,3.4228177925955503,0.0010390313861738994,15,58,0.21853055319149284,1020,16
36,COMPLETE,0.6440552587772554,0.7239046926587741,7,0.5937419703550333,8.458288168279456,0.012469527983734671,11,43,0.29657285450061166,671,19
37,COMPLETE,0.643041991817018,0.7468220602832163,5,0.5269983462683262,7.1141412383313645,0.011664377929647954,8,86,0.0019797108539594327,742,12
38,COMPLETE,0.6434897277194723,0.7990427886351209,6,0.6756616955419072,6.016315153239136,0.015967616650485655,13,77,0.38482014761258937,1141,26
39,COMPLETE,0.6432490040763448,0.7787826764137935,7,0.6108114388709704,5.022123901923938,0.016595845819447105,15,29,0.1556438343810897,776,30
40,COMPLETE,0.6426701877969492,0.7100913259630913,7,0.573978811047868,6.88292691501384,0.01379408791399963,17,6,0.43905785218745585,920,40
41,COMPLETE,0.6431851178425949,0.7206635524091156,7,0.5951362353422547,8.290338956632404,0.012666649671994705,11,44,0.3235467947133099,656,19
42,COMPLETE,0.6432744278252598,0.7257689992525846,7,0.553372525310571,8.181961122706388,0.012255274110909506,12,46,0.27799297455105293,673,16
43,COMPLETE,0.6429594226822106,0.7539983036036465,7,0.6268102715344624,8.96681694828172,0.009726348487736467,11,33,0.20584438383744186,713,17
44,COMPLETE,0.6436595885120692,0.7317962304576133,7,0.5890498790938152,8.921350218356919,0.014845603912893433,10,51,0.055287932762537344,1033,22
45,COMPLETE,0.6431966205082554,0.7614716634962428,7,0.5800171411948516,7.888719486288872,0.015353346228044948,9,44,0.5732998747501719,1079,14
46,COMPLETE,0.643277235618803,0.7401566244814686,7,0.6916017774087013,4.430010636756831,0.013375407674201548,12,37,0.10884139200211933,975,20
47,COMPLETE,0.6430333648177725,0.8692633632362753,5,0.6632386827005802,9.953288477296582,0.01768168655693164,11,22,0.24934931952474404,998,24
48,COMPLETE,0.6433823992754435,0.7065453590711511,6,0.556984387473333,8.53468330125549,0.019556397558726017,14,95,0.8972947375689909,603,35
49,COMPLETE,0.6448939888612473,0.7348840948639017,7,0.519810543786184,6.919674161691335,0.017007727869465937,10,89,0.13665828871810232,930,18
50,COMPLETE,0.6440337037820394,0.7534346998851531,7,0.48570252624331883,6.0326485834751935,0.018287236557968083,8,90,0.03607919745806819,931,11
51,COMPLETE,0.6450965322277972,0.7344146017941515,7,0.5253073663793715,6.816747636254159,0.016893802081835406,10,96,0.1403851155049098,956,18
52,COMPLETE,0.6449022693516204,0.7338907475245112,7,0.5125558831966632,6.998886641242949,0.016709660054989296,9,96,0.13563321808044093,902,17
53,COMPLETE,0.6447035197213846,0.7348175302217211,7,0.5166774887097557,6.923031302875499,0.01731180401692236,9,96,0.11629019285130482,853,17
54,COMPLETE,0.6449758506892841,0.7368996198205019,7,0.5150153967741802,6.765188472224574,0.016898855750523033,9,96,0.11963267933812677,846,17
55,COMPLETE,0.6447354449769774,0.7341018139646663,7,0.5159604566287731,6.778918216815429,0.016674445746499563,9,98,0.11411387058162963,847,17
56,COMPLETE,0.645410755046691,0.7365741779760027,7,0.5183641777834406,6.759625379995842,0.01588386500680989,9,96,0.12759123003838588,818,18
57,COMPLETE,0.6440886700915174,0.7625206400120078,7,0.5082244242323689,6.667384540905438,0.01625487351788272,10,97,0.07205572832267523,814,18
58,COMPLETE,0.6435902402982588,0.7144941082868219,7,0.45984303841474383,7.518202972444141,0.015794347244275107,9,92,0.03468490315748146,902,21
59,COMPLETE,0.6439663060202322,0.7356509722565893,7,0.4925997161637982,6.103965464409155,0.019291080549905106,10,87,0.13467408234781036,786,16
60,COMPLETE,0.6445623727258624,0.7207181203175521,7,0.5189819033826707,0.4432229895879445,0.016943906683507502,9,98,0.17820990060820535,845,18
61,COMPLETE,0.6440325678044989,0.7336918348495363,7,0.5195366776513178,6.65690191031631,0.01788821112443383,9,95,0.1240190921285437,844,20
62,COMPLETE,0.6444274200229659,0.7500899750663048,7,0.5401550880240144,6.866348162775634,0.017180125831120344,9,90,0.08740027209114264,889,17
63,COMPLETE,0.6440621603766518,0.7291387200193821,7,0.5016455371044547,7.484851245903819,0.01876008855089598,10,96,0.17914213347969224,856,18
64,COMPLETE,0.6448976004124841,0.7397190911590471,7,0.4738087746073235,6.308825415389246,0.01745960481470487,8,92,0.03349082342121544,759,16
65,COMPLETE,0.6432916818237506,0.7087762606878463,7,0.4705102524605541,6.166842792082514,0.015674802950278455,21,92,0.7534173282930038,765,15
66,COMPLETE,0.6397672400595464,0.8366099255910986,7,0.4896663601087991,7.75081453841618,0.0040035474806862405,8,85,0.029105225559492312,738,13
67,COMPLETE,0.6438653504816503,0.7707218822884181,7,0.44303887325897395,6.3763839530594435,0.016347974000125505,8,99,0.07535704819316234,818,19
68,COMPLETE,0.644395459044809,0.7569923659004066,7,0.5397116011962078,7.022096996413563,0.01793600533642851,20,89,0.16852291423664784,953,22
69,COMPLETE,0.6442202291508183,0.8273176852847303,7,0.5290292871650306,7.315707484252449,0.019842464711061245,9,80,0.22826975716382658,802,14
70,COMPLETE,0.6448827255367664,0.7411598284398621,7,0.508246910386623,5.870524309668179,0.016754504876293715,8,93,0.048683861660279146,915,21
71,COMPLETE,0.6447251497339855,0.7396727871492691,7,0.500818881296372,5.8200524628237025,0.01657931341513099,8,93,0.04940645912189697,908,20
72,COMPLETE,0.6447182445623327,0.7246370404258882,7,0.4787783086727241,5.388766704005812,0.01768819236405425,8,99,0.0906827223504443,929,16
73,COMPLETE,0.6442806610126135,0.7476162850921358,7,0.5111378590414108,6.653578238718362,0.018830707152476683,10,93,0.13705277506669536,884,17
74,COMPLETE,0.6449015263222857,0.7398189180680246,7,0.5212704993093108,6.300226808216211,0.01586716202231114,9,88,0.022391105625003488,864,19
75,COMPLETE,0.6446173961914431,0.7403497286138984,7,0.525506196204454,6.311599589486652,0.01442017601812758,9,88,0.00020982553422119188,872,21
76,COMPLETE,0.6436586240028368,0.728130277543718,7,0.4660964287796603,5.867420960206931,0.015222567707255484,10,83,0.026035607320436915,826,19
77,COMPLETE,0.6439669490263873,0.7167768897342525,7,0.5363352708110074,1.2663542070146865,0.01589888887809354,8,78,0.05885249364302013,953,23
78,COMPLETE,0.6446426520443066,0.7446672244687397,7,0.4312892265444711,7.282432931543056,0.018314039096899964,8,90,0.19906030744843584,915,15
79,COMPLETE,0.6442784497858919,0.7500424927016043,7,0.5075518637209891,4.596151040313787,0.013663709111713825,9,86,0.09505341642543501,761,18
80,COMPLETE,0.6434412307663642,0.7637714080724689,7,0.48051536055405236,5.417630027145014,0.01732844397488295,10,72,0.14245270617432715,892,20
81,COMPLETE,0.645073955567246,0.7366489901712001,7,0.4941524321592478,6.479460186856144,0.016820910990258328,9,100,0.11736854981976427,863,17
82,COMPLETE,0.6446412874423556,0.7230024497282886,7,0.5468976177146637,6.306213661284907,0.016878925639888284,18,100,0.06738477102301228,862,16
83,COMPLETE,0.6449574714300219,0.7397359252041841,7,0.49668567106811123,6.468560816755208,0.01621845630870408,8,94,0.02270295677224801,828,19
84,COMPLETE,0.6439895971320667,0.7550020847000625,7,0.4969451498403401,6.551374675471505,0.016250024116418706,9,96,0.01934709544477277,831,18
85,COMPLETE,0.6449352305615738,0.7304261829589331,7,0.5233335424540139,7.1185404392434695,0.01541836159443492,11,91,0.08591917606313543,799,19
86,COMPLETE,0.6439691030970063,0.7300694366220926,7,0.5601362126809992,7.14037751909539,0.015410187320891087,9,94,0.08240625956771325,805,19
87,COMPLETE,0.6429230071003026,0.8988382390526283,7,0.44885394558385894,7.6954101844754765,0.014879647205903346,11,91,0.10130198113575792,834,13
88,COMPLETE,0.6432293780995932,0.8520907031261834,7,0.49422731613899373,8.0310487925953,0.013103400939089061,19,100,0.27184594424905983,720,15
89,COMPLETE,0.6440993297046639,0.717479458018392,7,0.5322034492532048,6.473372428525247,0.014433744375475111,8,97,0.016828570507349504,773,16
90,COMPLETE,0.6428948434307162,0.7051036555473695,5,0.484599094918277,7.362529230757369,0.015601687293424312,10,87,0.15702140947807186,793,20
91,COMPLETE,0.6446139918310783,0.7377558934642046,7,0.5210068028163779,6.965261565524934,0.01750563608621599,9,83,0.12839353179417642,790,17
92,COMPLETE,0.6445217275923572,0.7442022187200192,7,0.5031528924380497,6.807592423019354,0.01607872545592923,10,94,0.0435846060285424,866,19
93,COMPLETE,0.6448889126848796,0.7264052118854482,7,0.5236085649212463,6.113372990657787,0.017927877691780544,10,89,0.20069670960120434,754,18
94,COMPLETE,0.6442368079928465,0.7329924132239073,7,0.5433203919776443,5.587743877041553,0.017102339763838455,11,97,0.07135291817418515,819,22
95,COMPLETE,0.6450026533291758,0.7514267058052537,7,0.5132955717807207,7.193922314601139,0.01833524894934894,9,91,0.11511787881194943,936,16
96,COMPLETE,0.6441364347320603,0.7124949133371891,7,0.5122696062795943,7.471295986405249,0.019360860099305273,9,95,0.16832278702707282,733,15
97,COMPLETE,0.644306277663375,0.7511072669330735,7,0.5339383113062077,7.19464963640235,0.018992677663577276,9,91,0.1056336036668749,836,16
98,COMPLETE,0.643454819629772,0.7584312831676132,7,0.4907059657262964,6.527773986772448,0.008325235865561805,8,85,0.12321077284259227,880,17
99,COMPLETE,0.6442646644483813,0.721791116724878,7,0.4751969112062817,7.633889090471783,0.018242961579238368,9,98,0.000617905323292478,894,19
100,COMPLETE,0.6446475496078534,0.7378512808360986,7,0.4975575255405939,6.262935345729693,0.01633736577118245,9,94,0.040268712164943654,780,14
101,COMPLETE,0.6442476712246087,0.7314768839968809,7,0.5118299016516082,7.0233038716652025,0.01756756944661211,10,88,0.15171658941929378,939,18
102,COMPLETE,0.6448786102973749,0.7452879528834796,7,0.5275553754391589,6.747208319136916,0.01689211917303293,11,91,0.08634954876153575,926,18
103,COMPLETE,0.6450893412756311,0.7359569902581861,7,0.5162499104509818,5.965620379632792,0.01575664153759274,16,97,0.12163702908090297,958,17
104,COMPLETE,0.6446718731017922,0.7422957437287677,7,0.4862914276017613,5.980597513652076,0.015994910416111452,20,97,0.533024795089751,974,16
105,COMPLETE,0.6446018783095705,0.7492138642268956,7,0.5043226852022855,5.188184397154518,0.015234998947640724,17,100,0.21847070592758064,987,17
106,COMPLETE,0.6446456134448757,0.7277294575513584,7,0.5144662003658674,5.716554776713574,0.015680774139732522,16,93,0.6784716910823783,959,15
107,COMPLETE,0.6446962358905517,0.737730317487692,7,0.47052152173561895,6.4917205981815655,0.014663352738448515,16,95,0.18738221942564545,856,14
108,COMPLETE,0.6449608043452585,0.7322285115773984,7,0.5238408538125207,6.169110802356247,0.01847100863424884,18,81,0.05887561622128714,802,20
109,COMPLETE,0.6440462173962657,0.8073364784948045,7,0.5389613341220031,6.734686489254844,0.01853107787185162,15,98,0.11746861209187748,901,20
110,COMPLETE,0.6437849247006927,0.7206928885672464,7,0.549892967461769,7.87700055991414,0.018113632154329717,18,87,0.06369705119256058,811,21
111,COMPLETE,0.6443830561705315,0.7308929856466654,7,0.5241854241406504,6.216814104678061,0.0165159174194018,19,81,0.028442802715200936,822,17
112,COMPLETE,0.6446288738513088,0.7356235330371648,7,0.5051584914588255,7.110670564661459,0.017539097308401544,18,92,0.07412899140076339,801,19
113,COMPLETE,0.644772292801912,0.7258173157408152,7,0.516516240607448,6.072018517315572,0.018620183632816763,17,96,0.052689311940259165,941,16
114,COMPLETE,0.6441463513158721,0.742375801433985,7,0.5308027991854302,6.621487364864937,0.01726363772855136,20,90,0.09631650893612131,871,17
115,COMPLETE,0.6445572036708278,0.746550960847196,7,0.4998371264279283,6.385637112172997,0.016613266921398227,14,94,0.13748381167128118,768,20
116,COMPLETE,0.6451452899556237,0.738779902132924,7,0.5197372738960744,5.887292090175547,0.01608019403555729,19,85,0.16631587320687505,843,19
117,COMPLETE,0.6427601407857689,0.7346550567328891,7,0.522961182173,5.6462730201259275,0.014017352245611587,19,54,0.1666181960001713,844,19
118,COMPLETE,0.6450459562214546,0.7300088778327679,7,0.5440676085708509,5.435010687128673,0.016018911248089622,17,84,0.24443026144095265,1012,22
119,COMPLETE,0.6448444916763424,0.7294170539865573,7,0.5344482462508785,4.909220525816564,0.015062187287235707,17,77,0.24276850356811988,1060,24
120,COMPLETE,0.6443178910689846,0.7526579398566731,7,0.5432213075520859,5.879388526986893,0.016262441048317332,19,84,0.3456289848152437,1021,22
121,COMPLETE,0.6436292993499151,0.722916400232283,7,0.5669131688065276,5.286699601853894,0.015703364308327902,16,82,0.1149597813658671,855,21
122,COMPLETE,0.6452775920442592,0.7373494137186067,7,0.5107955287724515,5.584675890191894,0.015389496286311881,17,86,0.15209696145767665,1009,18
123,COMPLETE,0.6445940979350957,0.7316856186848951,7,0.5124921813914318,5.6511394173707705,0.015309373424902463,17,86,0.18804212852923569,1004,18
124,COMPLETE,0.6446829863915033,0.7153853665049605,7,0.5538355538512134,5.044131399846452,0.016750654962725625,18,79,0.14897988312863175,1044,25
125,COMPLETE,0.6435247358323525,0.7364022793415443,7,0.5087148161991705,5.412434399388781,0.016010157289337947,18,62,0.2100147316579572,990,20
126,COMPLETE,0.6431349133509198,0.7245620378245925,7,0.4949993899142085,5.94211303885346,0.006487900258842041,19,100,0.16339758706546775,1016,18
127,COMPLETE,0.6443145510092353,0.7463991525226811,7,0.516790643986332,6.889664109539435,0.014579111970937536,17,85,0.12783135468184553,960,17
128,COMPLETE,0.6443917724761873,0.7188058693013561,7,0.5297379707930351,7.353008893182185,0.017096210722182294,18,90,0.977222395008383,1007,21
129,COMPLETE,0.6442079941725923,0.7288885675293527,7,0.5268489641364043,6.572808449297259,0.015076993197003504,17,73,0.09820866203100476,1079,19
130,COMPLETE,0.6447155725145333,0.7423920300890308,7,0.5043618775588421,6.173088317431955,0.01996644415112047,16,97,0.18914434468284008,1040,17
131,COMPLETE,0.6434847229882331,0.7397450993932504,7,0.5184265183184528,6.3946752584872675,0.01570553439117949,18,69,0.07300772483588656,834,19
132,COMPLETE,0.6434881309208542,0.8853739011732803,7,0.5222751571439651,7.151443983721065,0.016205602458271618,20,76,0.11325595518713609,880,18
133,COMPLETE,0.644815710006396,0.7341515875144157,7,0.5371581541310978,5.568921148098092,0.015543947722290521,16,88,0.1477653174751382,907,20
134,COMPLETE,0.6450863191467029,0.7384917488172922,7,0.5098421568233232,6.752704034090643,0.016495021658595618,19,92,0.08612250963665269,803,19
135,COMPLETE,0.6441956913214945,0.7374544966627129,7,0.49894295668709177,6.841394102080006,0.017801568933627384,21,92,0.0934880080330703,796,18
136,COMPLETE,0.6444814754070578,0.7326095280900053,7,0.5076930019653785,4.765611007982771,0.01647755111695888,19,95,0.13733551743028938,811,22
137,COMPLETE,0.6446612813615178,0.7493737620784413,7,0.5127896339337608,6.672320106627387,0.016794734361231793,19,98,0.16326978478624643,970,19
138,COMPLETE,0.6439714536417283,0.742831459537112,7,0.4894331773308452,5.852864661869451,0.017244299482763074,18,93,0.11906691910644392,827,33
139,COMPLETE,0.6431136262749347,0.7264204501489149,7,0.5440433714209307,6.981684927308701,0.010226663525974919,17,21,0.08193434073101377,779,16
140,COMPLETE,0.6442498288674842,0.7803264008441313,7,0.5316028752918702,7.476965257402657,0.01606638725433125,21,82,0.05301495474360242,980,23
141,COMPLETE,0.6447232564380848,0.7397056612065369,7,0.5238956551800944,6.021204705219187,0.015839988625208554,13,91,0.012069309084638102,853,19
142,COMPLETE,0.6450716621786265,0.7324422348729597,7,0.5179389607047443,6.335383993350855,0.015294697279621138,20,87,0.06095348729683002,839,17
143,COMPLETE,0.6444084049020617,0.7294968390590402,7,0.5156074022362092,6.468914135334882,0.014809254637990559,20,87,0.09401153773477308,839,18
144,COMPLETE,0.6447510593097732,0.7344113044269708,7,0.5015060336468966,6.801664631996014,0.015366499289147711,20,84,0.0634749748726879,819,17
145,COMPLETE,0.6433421506624006,0.7228641284651831,7,0.4830712041078927,6.153545553760396,0.014194973159255995,19,96,0.12785863926209712,947,18
146,COMPLETE,0.6442331249964813,0.7929855075684543,7,0.509965835222,7.07602135658721,0.013679153114723638,15,89,0.10993912948232859,802,20
147,COMPLETE,0.6446414553384071,0.7463008161304039,7,0.4945989333247323,7.222553520342704,0.016988225037479848,19,94,0.17631031964312174,788,16
148,COMPLETE,0.6442384655198238,0.7545124142633088,7,0.5281703414805341,5.81057569869554,0.016480792363578696,21,98,0.4200202643488848,842,15
149,COMPLETE,0.644760908020713,0.7379250806511254,7,0.5056928909060457,6.678240542273525,0.017993543122438293,20,86,0.07866741863130888,813,17
150,COMPLETE,0.6449335694623403,0.7318131019994102,7,0.518563717778708,6.341550222322074,0.01629385743543151,12,90,0.04590468233655978,826,20
151,COMPLETE,0.6445387493941811,0.7315803049344825,7,0.5190803867167259,6.476629253696075,0.016143600285705842,12,91,0.05258910738682329,830,20
152,COMPLETE,0.6444352754148254,0.7285585069931538,7,0.5141823733969445,6.263749376715402,0.015208315799030642,18,89,0.0402638159721113,862,19
153,COMPLETE,0.6436716413052179,0.73558541327795,6,0.5356679587298734,5.515238376702069,0.016546337441462222,12,93,0.14361467115654902,873,18
154,COMPLETE,0.6446943283056253,0.7434192147413748,7,0.5208886675954887,6.099099462611598,0.017576666660480973,13,96,0.10750388605410202,918,21
155,COMPLETE,0.6448992436504356,0.7256529407676575,7,0.5103191474484773,6.928058198731395,0.01908515228371069,18,81,0.08333780457761736,807,17
156,COMPLETE,0.6446462886013384,0.7187973211591301,7,0.5000745279152972,6.5339668165427245,0.016873950759944217,17,99,0.03214044384047823,825,16
157,COMPLETE,0.6446438451779497,0.7335956932328079,7,0.5287728094183541,5.192207909334373,0.015860496949176413,19,95,0.06293784084774405,844,18
158,COMPLETE,0.6434634930683507,0.7398428304226228,5,0.49191941184587595,5.733889758393713,0.015440795627402505,20,91,0.13097297186963633,1183,20
159,COMPLETE,0.6439932479781243,0.7302059492582912,7,0.5168501672477432,6.356308754439106,0.01628679039175653,11,84,0.22748021684886421,786,19
160,COMPLETE,0.6445998564124389,0.7380868263045136,7,0.506622277156168,7.308360756674109,0.014974400254758902,17,88,0.09970723727074862,888,27
161,COMPLETE,0.6451979128648928,0.7416874605216824,7,0.523393784646022,6.732746486703197,0.015841722720885045,9,87,0.017774731867301316,846,19
162,COMPLETE,0.644804050161453,0.7452922013358095,7,0.5226126227461176,6.728135157108765,0.015504910277593925,9,86,9.623971610789317e-05,847,18
163,COMPLETE,0.6453922328971723,0.7355881287192955,7,0.5347867066671934,7.620087312473234,0.017100037840343592,9,93,0.026049018349357037,818,17
164,COMPLETE,0.644407326080624,0.7489514363937654,7,0.5379985818411439,5.993716688871597,0.01723791287191724,9,90,0.026134607318852924,819,19
165,COMPLETE,0.645439129479406,0.7403640364672067,7,0.5471310909184075,7.73454105897176,0.015943245842305494,18,93,0.04237549970546177,798,17
166,COMPLETE,0.6448033071321186,0.742018374223057,7,0.548228291368909,7.713285494951904,0.014402447957031593,18,93,0.014495404940673164,795,17
167,COMPLETE,0.6451047984291445,0.7360117414468045,7,0.5418803843711647,7.492274321357124,0.015865346736679022,19,100,0.06739778599878717,807,16
168,COMPLETE,0.6448455919313187,0.7509909905591966,7,0.55523237266416,8.406601936743444,0.015888909558245366,19,100,0.06411741294815915,1027,16
169,COMPLETE,0.6451329942490386,0.7367619878077366,7,0.5427668982798797,7.696968760376638,0.01664045163960231,19,98,0.03694788846308296,812,15
170,COMPLETE,0.6438182717143393,0.7440153710907015,7,0.5597751429053236,8.13450946951886,0.018389752494675192,19,98,0.03397510832207237,774,15
171,COMPLETE,0.6453024013650706,0.7361879029619198,7,0.5434571084575692,7.904572735346981,0.01681597307605033,20,97,0.019746094840212402,813,17
172,COMPLETE,0.6453389705540047,0.7362365142719616,7,0.5362193303231234,7.94208208084333,0.01689949900960686,20,97,0.05515698128367807,804,16
173,COMPLETE,0.6451528059831237,0.7371488205923873,7,0.546491191457161,7.998635937079311,0.01669185540966082,20,98,0.001299404535793778,812,16
174,COMPLETE,0.6448216613855857,0.7385621842052528,7,0.5484432119911449,7.867742308346036,0.016740358383645005,20,98,0.014860412800485383,808,14
175,COMPLETE,0.6439680099865428,0.7349162363701613,7,0.5657989614921585,8.26890612968444,0.0171449674251012,20,99,0.040489351700146545,815,15
176,COMPLETE,0.6451211772248135,0.7464932329127152,7,0.5399423614259629,7.9753625467614535,0.01654703444420377,21,95,0.006627830711335204,790,16
177,COMPLETE,0.6452880230329949,0.7416406969408624,7,0.5429338889846548,8.624691149104217,0.016469176120861462,21,100,0.011775879901663079,789,16
178,COMPLETE,0.6451065059677117,0.7452738979046523,7,0.5419843261348896,8.757133810287614,0.016537494108381463,21,97,0.014111120111550805,783,15
179,COMPLETE,0.6444557551608603,0.7602821205776644,7,0.5524392797878782,8.73011582215798,0.016726669735604383,21,100,0.007954458040708635,757,13
180,COMPLETE,0.6436843120987266,0.7459186389224461,7,0.540306229844694,8.676457957701222,0.011863190679423912,21,97,0.022589620655905057,778,15
181,COMPLETE,0.6447264000237312,0.7420305807748586,7,0.5442202814731211,8.215183888515678,0.016498021402785612,21,100,0.011785362355081201,789,16
182,COMPLETE,0.6449584680895621,0.7374007956841739,7,0.5349461581031723,8.00899438561191,0.017368848527122956,21,96,0.04358916502761222,798,16
183,COMPLETE,0.6440310138729578,0.7477957446623175,7,0.5597124412988087,9.476119544165133,0.017028478624867036,20,97,0.003057369079832159,771,17
184,COMPLETE,0.6449217702993971,0.7407940091852016,7,0.5510467680761517,9.215388701059307,0.016493018627337354,21,95,0.0313727296631079,744,14
185,COMPLETE,0.6443721715052309,0.7359797396192016,7,0.540930527989719,7.626142515582965,0.015827896995989167,20,100,0.05348104764417415,788,15
186,COMPLETE,0.6443437220551311,0.8196347407170875,7,0.5439677944137178,7.844030251690941,0.017606453233257928,20,98,0.001248949874268517,810,16
187,COMPLETE,0.6443900685098767,0.7440592287562248,7,0.5336224175880891,8.530106147455628,0.016305900629983626,21,95,0.07183959721827124,835,17
188,COMPLETE,0.6439054133373594,0.7541581445360694,7,0.5483307103116082,8.019087849792232,0.0167075409195914,20,94,0.026982676440701667,819,15
189,COMPLETE,0.643796852464867,0.7410155137771687,7,0.5372866507104279,8.713352433870686,0.015642079023311908,21,48,0.05051263595756262,800,16
190,COMPLETE,0.6437564466725417,0.736124073709536,7,0.5572266864197352,9.093760417589362,0.016071288206255602,19,97,0.025870441344680903,764,14
191,COMPLETE,0.6449341946072131,0.7280971512330336,7,0.5447199051676408,7.631213823759331,0.016024770452495084,20,98,0.0007781693742334554,784,17
192,COMPLETE,0.6452282341773546,0.733770142069133,7,0.5316860778114196,8.299194137744585,0.016941931210129515,20,100,0.03986338093626107,809,16
193,COMPLETE,0.644808047516383,0.7353258494375322,7,0.5322226504620604,8.244629702662765,0.016998782673868843,20,100,0.04673463819628952,807,16
194,COMPLETE,0.6449318440624912,0.738973406118267,7,0.5288140172611469,8.531426101683826,0.017378141681171275,21,96,0.07234229521333371,830,17
195,COMPLETE,0.6447340053576416,0.7327603485554057,7,0.5397066164861635,8.137573316695075,0.01645338219318638,19,93,0.033758316022266796,797,15
196,COMPLETE,0.6442856193045194,0.7472260262168362,7,0.5505592538143268,7.844482675078774,0.017011789088742287,20,98,0.058916630821477356,815,16
197,COMPLETE,0.6452195928890835,0.7258392926233729,7,0.5707999480761032,7.544831926725235,0.01666542207616152,19,95,0.08275570323227525,835,18
198,COMPLETE,0.644760847292354,0.724703735873857,6,0.5331400943842833,8.339861835703033,0.017837846363579688,19,95,0.08889741041590828,781,18
199,COMPLETE,0.6442447884136806,0.7425513727398309,7,0.5813770477654343,7.493904188524074,0.016717940876346135,21,100,0.01993525861749025,823,14
200,COMPLETE,0.6434055224912264,0.727024665267306,7,0.6057950421025338,7.7377879379476155,0.016344244698402545,19,97,0.0417679233850242,795,15
201,COMPLETE,0.6442704693650577,0.733156560647892,7,0.5628026337622222,8.057388426125993,0.01572484760635783,20,94,0.06445942364362145,838,17
202,COMPLETE,0.6448572231982104,0.7370386856783998,7,0.5725034090068587,8.82445013696168,0.016902316425197936,20,96,0.0856106070980362,854,17
203,COMPLETE,0.6449021371781328,0.7400785987959849,7,0.5392484435763127,7.478049191650509,0.016327775296275094,19,93,0.01781290952306775,812,18
204,COMPLETE,0.6451920936591905,0.7328258837909777,7,0.5271195357514201,7.9081440968547785,0.015235633441790807,20,99,0.05425652030265926,824,16
205,COMPLETE,0.6449443505322048,0.7444206673165145,7,0.5314866334724136,7.994527210033227,0.017379208976527814,21,98,0.038499487785598537,826,16
206,COMPLETE,0.6450903557964532,0.7369222063904631,7,0.5555832395799686,8.406671276168561,0.016087806839311474,20,100,0.4704958017470203,807,16
207,COMPLETE,0.6444762920629977,0.7286726595989852,7,0.5706891638010804,8.398525341642348,0.015971367520877914,20,98,0.7653458181096116,801,16
208,COMPLETE,0.6446737413918979,0.734113671385042,7,0.5553646442853161,7.703295301675948,0.015683255499724966,19,96,0.498952265563664,788,15
209,COMPLETE,0.6399603240911057,0.7393579341393933,7,0.5886224708317084,7.897569082034794,0.0026533594243148256,20,100,0.6894229985630174,807,16
210,COMPLETE,0.6446136739002573,0.7231173310057991,7,0.546276927475824,8.493160341612278,0.016105664845380188,21,95,0.46767322261837974,771,18
211,COMPLETE,0.6457103244697651,0.7365511715470336,7,0.5272238629482268,8.151739392530386,0.0166017482447787,20,100,0.012735592381707905,819,17
212,COMPLETE,0.6453785297215592,0.7371744300897454,7,0.5271924940133756,8.276579896395127,0.01659872112074539,20,99,0.00056630994896072,818,17
213,COMPLETE,0.6448259552377982,0.7304861544600925,7,0.5249887835294662,8.2074814007414,0.016690382615002008,20,100,0.017207788814825285,818,16
214,COMPLETE,0.6451420713525926,0.7360545602300497,7,0.5390821337397295,8.9100092942894,0.01722637770178877,21,98,0.00647573418288425,820,17
215,COMPLETE,0.6448975253950995,0.7430651564207643,7,0.5356471960979836,8.866858988185818,0.016988416851003458,21,98,0.5943143348938229,831,17
216,COMPLETE,0.6448792818815813,0.7340959648560151,7,0.5414729815202168,8.573425543097702,0.01725835939315949,21,100,0.008600317265075826,818,15
217,COMPLETE,0.6446997081237883,0.7489215911686803,7,0.5291933734514885,8.063876915408072,0.017509224608225047,20,98,0.0005965987559548927,793,16
218,COMPLETE,0.64488148596379,0.7398347076272406,7,0.5530939248155368,8.966936350909862,0.01639745297163517,21,96,0.0278996063417419,814,17
219,COMPLETE,0.6454483173229087,0.7314344530191051,7,0.546124724367166,8.321874505433769,0.01669172852070879,20,98,0.03872899876179725,833,15
220,COMPLETE,0.6436196471130782,0.7272085739727031,7,0.5460794361837553,7.847099000675115,0.01766736646260611,21,6,0.03791248635087427,836,15
221,COMPLETE,0.6454521860766076,0.7315087470903797,7,0.5383187963841529,8.351279377139122,0.016715890246161682,20,98,0.0006038232619512314,825,16
222,COMPLETE,0.6447273823942457,0.7317831008714377,7,0.5372584826451643,8.275831510439358,0.017031389325117538,20,98,0.0029678770087074955,827,18
223,COMPLETE,0.644866728972534,0.7311541805987655,7,0.5284757269405308,8.102662920009365,0.016663862157527187,20,96,0.025116658487314647,841,13
224,COMPLETE,0.6444264447969642,0.7269302849922025,7,0.5402765260724447,7.598196981969054,0.01667869547957182,21,98,0.021349310896790305,850,14
225,COMPLETE,0.6431360993400499,0.7350116956760208,7,0.5475393425197306,8.667095977018537,0.017241636704909486,19,40,0.04894888160336116,823,40
226,COMPLETE,0.6446706120952773,0.743353677637607,7,0.5336047210985897,7.912150699036909,0.01634880336107296,20,94,0.001638878732216048,810,15
227,COMPLETE,0.6450907594614284,0.738553990859971,7,0.5424296137850868,8.343362030566597,0.01698558586319982,21,96,0.03217293223374375,832,17
228,COMPLETE,0.6442694869945432,0.8445771176315758,7,0.5243080259113209,9.360968299971157,0.01661404658190092,20,98,0.0003034016570854989,797,15
229,COMPLETE,0.6449804231774969,0.7312228131555469,7,0.5358129604243236,8.159735680912764,0.01790459865319766,20,100,0.04807896120483335,783,16
230,COMPLETE,0.6448845866823594,0.7208861962127365,7,0.5283218103459841,9.076729575923164,0.016126732524332985,19,94,0.0204339094547623,819,30
231,COMPLETE,0.6453366450150776,0.7383899482324716,7,0.5423820530433193,8.397962822321514,0.017075856141765676,21,96,0.03584270861933649,835,17
232,COMPLETE,0.6452564335695052,0.7363593147242898,7,0.54903464183427,8.55200038430351,0.017251579532759107,21,97,0.0413581094155948,842,17
233,COMPLETE,0.6446110911588683,0.7416946320562462,7,0.5497732919087792,8.401373231757598,0.01729601033046315,21,97,0.04292396130593685,845,17
234,COMPLETE,0.6450496249287941,0.7364983641495084,7,0.5403641611076354,8.644698874061115,0.016906122117007098,21,99,0.02368816661776543,832,16
235,COMPLETE,0.6451852313546148,0.7451096597461712,7,0.5463640355670548,8.852864640815325,0.017558400970985804,21,96,0.062067064296196975,1125,17
236,COMPLETE,0.6446143311954378,0.7461222771828846,7,0.5509359551113999,8.854567333907598,0.017676080680045093,21,95,0.050632986511102096,856,17
237,COMPLETE,0.6448356610584812,0.7419164441571493,7,0.5462993069865725,8.566804657388753,0.017379431136474915,21,96,0.0006184013780490764,843,18
238,COMPLETE,0.6443460475940581,0.7461839208013459,7,0.5581891667982322,9.554850335564758,0.01710907176740357,21,93,0.03144604322679706,1161,17
239,COMPLETE,0.644713218397555,0.7385524287688048,7,0.5359965241254352,8.261170504890206,0.017934909183607264,21,97,0.02011292735022386,1131,17
240,COMPLETE,0.6441220599722409,0.7511625764566123,7,0.5463873793746491,9.17280567790571,0.016561575996628563,20,94,0.060781943238820454,824,18
241,COMPLETE,0.6448643498497608,0.7351059437945198,7,0.5419397498625234,2.751201732778039,0.01635437436441111,20,99,0.06984532316849504,1083,16
242,COMPLETE,0.644409419422884,0.7325925621650612,7,0.5388188867138125,7.801849785362553,0.016779767148482137,21,98,0.042121263179443626,810,16
243,COMPLETE,0.6449021907619791,0.7397864929819877,7,0.5521619461555418,7.971615182844392,0.01594563092791759,20,97,0.019144962837283497,821,15
244,COMPLETE,0.6448575018342108,0.7356597551661156,7,0.5305994600965885,8.79305631125616,0.01721160597008136,21,100,0.06247879298735329,804,17
245,COMPLETE,0.6442957716572546,0.7428354000108591,7,0.5433799469956726,8.429165014813922,0.015395014341499414,20,95,0.03927605020429064,1110,16
246,COMPLETE,0.6452413122080949,0.7366211700147479,7,0.533556905250257,7.634230042924251,0.01635335743122343,19,98,0.019681440459625766,838,18
247,COMPLETE,0.6450999580217004,0.7277840285983347,7,0.5331613715240695,8.092470871609684,0.016762200951176306,21,97,0.01897583576565203,836,18
248,COMPLETE,0.6444762777739722,0.7312578736965646,7,0.5264351468785934,7.6827946656060675,0.016310502977532157,20,92,0.03463601930800537,860,17
249,COMPLETE,0.6445205558922527,0.7406755090271021,7,0.5352984763799159,8.965700527662419,0.01743875270478154,21,95,0.0008270591918769915,847,18
250,COMPLETE,0.6453057771473841,0.7452768758337546,7,0.5495437177896471,8.672408459720765,0.01695713761724661,19,98,0.05045163569426667,829,17
251,COMPLETE,0.644807686718485,0.7362959451822824,7,0.5628564156946887,8.183616979898217,0.016991704124338185,19,98,0.05123622448547653,834,17
252,COMPLETE,0.6446503038175504,0.7391365084833852,7,0.5517210865766418,8.5905855275848,0.017576231965508914,19,100,0.038943851307294754,824,18
253,COMPLETE,0.6441419895907878,0.7327560079435655,7,0.5572620996475396,7.976297279339689,0.018015659440973185,19,96,0.07462276825705066,849,17
254,COMPLETE,0.6435147620924381,0.7289839116901771,5,0.5482889002175062,7.734378908397181,0.017057106949355152,20,93,0.054282974762048915,818,18
255,COMPLETE,0.6446194323776004,0.747807254789228,7,0.5306759679625213,8.409577848792615,0.01628694608063009,20,98,0.020993281163217227,834,17
256,COMPLETE,0.6452339962269542,0.741750493611159,7,0.522551733624373,7.391321493478512,0.016641413778424385,19,95,0.03356208375404287,862,16
257,COMPLETE,0.6441581040394819,0.7252615804895016,7,0.5219785837545771,7.423530693261319,0.016856446817041956,19,99,0.07779970315092968,862,38
258,COMPLETE,0.6447210130610554,0.7386449691150453,7,0.5243811994371717,7.391177206234946,0.01730529245162598,19,96,0.03898717653373086,871,18
259,COMPLETE,0.643711968507902,0.7333673551680586,7,0.5325497831936262,7.667048564243636,0.008848725821598164,18,98,0.059536718687688346,849,16
260,COMPLETE,0.6449395065525041,0.7424478899655594,7,0.520116971453157,8.545692084739317,0.01758962184631317,19,94,0.030013448707210497,837,17
261,COMPLETE,0.6451626118269865,0.7351452882538899,7,0.5272411044710789,7.841159383641033,0.01564024563725249,18,100,0.045504100023272,827,18
262,COMPLETE,0.6441655379050842,0.7285515376427212,7,0.5265603701292801,8.1593672487484,0.015079243192831309,18,100,0.058755169353099684,854,18
263,COMPLETE,0.6436631321904343,0.7345581749053464,7,0.5207997342021172,8.271258462442741,0.015574436052112338,20,57,0.0004455404478297155,831,18
264,COMPLETE,0.6450382615811338,0.7309916703235011,7,0.5296538654296429,7.888717792113047,0.015927085602322824,18,100,0.08515262802711071,823,19
265,COMPLETE,0.6453365592809237,0.7398441079504573,7,0.5377152692911674,8.744534364211205,0.015504351814371884,20,92,0.022399522935360044,841,17
266,COMPLETE,0.6451586037552873,0.7409903965573655,7,0.5354649347339336,8.372564961021663,0.014929197143559274,20,92,0.050509049708956796,840,18
267,COMPLETE,0.644614881322926,0.7436221981445835,7,0.5345582391884721,8.382661769862153,0.014940876068187971,20,91,0.05288883447494164,864,17
268,COMPLETE,0.6452865262575564,0.74127106079186,7,0.5466194522376726,8.55980823068082,0.015461956670245799,20,93,0.07337878745980297,840,18
269,COMPLETE,0.6444915027308187,0.7512085430032542,7,0.5359313920358741,3.510603728260733,0.015361749392438723,20,92,0.09355326624553134,845,18
270,COMPLETE,0.644448810694387,0.7422940147152274,7,0.5266175381997221,8.425093575801492,0.014945004911562131,20,92,0.07325535120323487,837,18
271,COMPLETE,0.6440054579505554,0.8685509238077406,7,0.550171193676807,8.695982916092348,0.01465678693678431,20,94,0.06712360971199817,872,18
272,COMPLETE,0.6445073564047943,0.7463070020833519,7,0.5554063768959637,8.639461243115829,0.015538497932698098,20,93,0.041865624013846726,854,17
273,COMPLETE,0.6450646748450763,0.740193175620948,7,0.5317178389265198,8.251194491879536,0.015796145457202006,19,90,0.05370146082324738,831,17
274,COMPLETE,0.6437575290662358,0.722820725515524,6,0.5680191487179305,8.793502720973974,0.015250859820986914,20,95,0.08597148919365881,850,19
275,COMPLETE,0.6440695335138951,0.7325360458192287,7,0.5457534228141706,8.500894715634441,0.011143535016288066,19,96,0.029113017809885792,843,18
276,COMPLETE,0.6447216346336718,0.7436055048361014,7,0.5374962976096958,7.556841077079567,0.015599453001600112,20,92,0.07384444674257616,1161,17
277,COMPLETE,0.6437298726570606,0.8020005249790775,7,0.5258820392687417,8.140334344409885,0.014663770805038778,20,95,0.044266802889571515,827,18
278,COMPLETE,0.6449466903601575,0.7394165467324518,7,0.5379277749468095,9.058458008301992,0.015290114347755322,19,93,0.024538377873512828,837,16
279,COMPLETE,0.6435895329914884,0.7489026077449937,7,0.54435764254173,7.8430715225397725,0.016113315558931873,18,96,0.05730831343900572,817,36
280,COMPLETE,0.6445469405781437,0.7258995535787899,7,0.5306977385701667,8.656818958683251,0.015676337771000838,14,90,0.09748010932098476,862,19
281,COMPLETE,0.6439404285947523,0.7572492600377811,7,0.5619174963798279,7.315079083543866,0.016148711991373327,20,94,0.02509671908516877,828,17
282,COMPLETE,0.6430141996620987,0.737097651199339,7,0.576856621016961,8.276965985011994,0.00686370676878891,19,97,0.042523819708722314,801,16
283,COMPLETE,0.6448410730269521,0.7438042216200439,7,0.5208107718784172,1.5514517154225156,0.016332009171845775,20,100,0.8509757124455204,843,18
284,COMPLETE,0.6438661863896515,0.7302588842343193,7,0.552574598215974,8.046536439223555,0.01585645712309404,21,96,0.06899107007092205,813,11
285,COMPLETE,0.644430724360151,0.7343929148414519,7,0.5147178940849404,8.5538767977639,0.015012234711836329,20,93,0.020838520705416388,857,17
286,COMPLETE,0.6451948550134003,0.7405653690520609,7,0.5405645811617397,8.868274572724694,0.015435619319802689,18,98,0.04812396458636079,826,17
287,COMPLETE,0.645004843122359,0.7381114380117486,7,0.5448150093627396,8.943372244857615,0.016463916636263676,18,98,0.026593079382848925,824,16
288,COMPLETE,0.6439450832448629,0.7461321057056083,7,0.4207674080181305,9.205164494642855,0.015529839343781073,19,100,0.08008879408212446,802,16
289,COMPLETE,0.6447512772174147,0.7321902675904612,7,0.541008845012689,8.819985272130133,0.016892255729251415,18,97,0.04104607246338222,817,17
290,COMPLETE,0.64373173737491,0.7725339379208042,7,0.5575024772759732,7.557541036886827,0.016097110986692066,18,95,0.018943507758111496,829,16
291,COMPLETE,0.6446621172695193,0.7527338228068918,7,0.5504674908528404,7.8083909145918895,0.017860417107492196,18,98,0.058618546254076205,806,17
292,COMPLETE,0.6445972022259215,0.7281803240812499,7,0.5271082856899686,8.798050819719736,0.016536537118107663,19,100,0.31531289676569885,882,17
293,COMPLETE,0.6455510268393913,0.740672617462125,7,0.5381610871779697,8.008642612455322,0.01584319460970952,21,96,0.38572264054805017,827,16
294,COMPLETE,0.6445891074928821,0.7485128505404464,7,0.5464478765581706,8.43993228595068,0.01705376449061454,21,95,0.09683264986902357,1104,15
295,COMPLETE,0.643139300081799,0.7856234507202902,7,0.5394113132392583,8.127618891663092,0.01612558349222759,21,34,0.01751849264461798,793,16
296,COMPLETE,0.6449668021637814,0.7409825543311829,7,0.5352716048350283,8.586201501022954,0.016559420588382938,21,97,0.3966159704760946,812,16
297,COMPLETE,0.6446598310254128,0.744524303958622,7,0.5538566746564245,7.286491398245779,0.01753555055937648,21,94,0.37042449340039313,849,17
298,COMPLETE,0.6452646926263398,0.7389193110346776,7,0.5429823403156562,9.013079850661516,0.016942040607553176,21,97,0.06594698237008219,1049,15
299,COMPLETE,0.6435640520864706,0.7377522659883788,7,0.5408343134517197,9.620875496112669,0.01687842247677034,20,69,0.33943753717730724,1048,15
300,COMPLETE,0.6439879360328332,0.7337803399262084,6,0.5323944555912026,8.010505428677195,0.01594463477736111,20,98,0.03564201768062452,838,14
301,COMPLETE,0.6446012853150054,0.739133874636866,7,0.5392426725234014,9.212616727188998,0.01637088999143105,21,96,0.6547781828415007,821,14
302,COMPLETE,0.6449146043530259,0.7295804028877848,7,0.5489754157286245,8.245405443641912,0.016838751947558666,20,98,0.270739116778824,800,15
303,COMPLETE,0.6442539512513886,0.7236073904014769,7,0.5177015812188568,7.573186592194101,0.015353797288890605,21,94,0.017344445023808327,870,16
304,COMPLETE,0.6448627316176042,0.7411491583452734,7,0.5344749100284989,9.054460130721369,0.017127046074491926,19,91,0.0022214781776823574,835,15
305,COMPLETE,0.6432701125395088,0.7358412981320381,7,0.5243415541121951,7.789281141404636,0.01586920528286035,20,10,0.10483552120547758,812,16
306,COMPLETE,0.6445077350639744,0.7328726974496463,7,0.5431623921396437,8.340938818081579,0.016415648273433957,21,96,0.08159301852829344,853,17
307,COMPLETE,0.6441597079826127,0.7410961482312104,7,0.5614620588912905,8.680259813812311,0.01668259381308295,20,98,1.8346266875864103e-05,825,16
308,COMPLETE,0.6447163441219192,0.7369730114674523,7,0.5312681046908544,8.014811889515371,0.016146934322718316,19,94,0.5464964008674187,838,14
309,COMPLETE,0.6433823635528794,0.728755688589688,7,0.5529803409121652,8.497919711101623,0.017260485826090487,21,19,0.038347121992910425,806,16
310,COMPLETE,0.6444673399884184,0.7344397138106001,7,0.6230133546444584,8.193309641661958,0.015659791932609524,20,99,0.0643330519791278,820,15
311,COMPLETE,0.6447556103644476,0.7433576566456455,7,0.5426381085264651,7.436846606211041,0.0151693832287773,19,96,0.029945743599625,648,17
312,COMPLETE,0.6443473764734451,0.7191593687716998,7,0.5364683889928146,4.35254503237141,0.01670400805203648,20,92,0.05608165641610483,793,18
313,COMPLETE,0.6456391972722593,0.7384682694461061,7,0.5217542995784477,7.71126357823371,0.016164386649166015,21,98,0.017965605355905145,845,19
314,COMPLETE,0.6450237939426476,0.7408598615346282,7,0.5138554678181456,7.7204560130530595,0.016262341836265137,21,94,0.018679573742407495,858,19
315,COMPLETE,0.644603821617061,0.7490872011195593,7,0.5211897081372177,7.323738218376581,0.016990808717207918,21,97,6.869068730899416e-05,841,19
316,COMPLETE,0.6440706337688714,0.7379331465024258,7,0.5481394960495987,7.615763583007882,0.012699579066371277,21,89,0.03480359649511806,1053,18
317,COMPLETE,0.6440262199048471,0.7469830431112402,7,0.534017132623303,8.906048455101493,0.016434113035511427,21,96,0.02028352928326986,1063,19
318,COMPLETE,0.6450065435164132,0.7436534057845614,7,0.5428605460214909,7.129515624816321,0.01587223268618412,21,98,0.07883091585264426,1067,18
319,COMPLETE,0.6434207010087395,0.7384939277760078,7,0.5570316477168169,8.46876859694542,0.005422501679924629,20,100,0.03644180318158414,865,32
320,COMPLETE,0.6438895489466144,0.7309611797089062,5,0.5277018524338833,9.303355699842166,0.017214537902894466,15,92,0.017581831328236597,1034,17
321,COMPLETE,0.6445949874269434,0.7256383559007884,7,0.5189649189764146,0.6776966256398529,0.016711169777346872,19,94,0.051652830248099274,845,17
322,COMPLETE,0.643590961894055,0.7359334089768023,7,0.51057569035793,8.68483027550656,0.01815171497665442,21,62,0.017298545609989623,833,19
323,COMPLETE,0.6450843686946994,0.7415475606072663,7,0.5493529006013089,7.95419914700851,0.01618980104621454,20,96,0.07017844915273155,850,18
324,COMPLETE,0.6443210275101181,0.7466221686371338,7,0.538172338534807,8.258822044259748,0.01758498681521261,21,98,0.03886656222959623,875,15
325,COMPLETE,0.644485833559886,0.8122208802525956,7,0.5308766398672379,8.953933599715695,0.016564909128357508,13,89,0.43654312560270253,810,17
326,COMPLETE,0.6436425452767068,0.7677569559880283,7,0.5644045324139599,8.101415880499415,0.0169991315248995,19,100,0.10705972963639852,830,16
327,COMPLETE,0.6452176424370801,0.7382761811486216,7,0.523689286162826,7.493028678086469,0.015979887324875198,20,95,0.0018622239045619719,778,18
328,COMPLETE,0.6440555338409996,0.7337903187537022,6,0.5227878279778424,7.4613413560370505,0.01605230023925833,20,92,2.8231231134561558e-05,763,19
329,COMPLETE,0.6426603855253428,0.730142532036476,7,0.5980280282246412,7.534239760249126,0.016440491234249857,20,29,0.00043661917756616155,781,28
330,COMPLETE,0.6449543599946833,0.7374035641354311,7,0.5145412012029686,7.732753451707192,0.01722811575778428,9,94,0.020968133921384545,794,18
331,COMPLETE,0.6448115733334658,0.735283902634257,7,0.5229395303598026,3.870987360042573,0.016829283142098375,20,95,0.022842637558249453,778,18
332,COMPLETE,0.6447147223175063,0.7512308237521866,7,0.530700397026023,7.218978083411206,0.015865935914283747,21,91,0.030756543877846657,771,19
333,COMPLETE,0.6444823041705465,0.7135483765478283,7,0.5180818810278651,7.817795654920927,0.016237532068289887,20,96,0.01503166992545936,801,18
334,COMPLETE,0.6442654896396134,0.7254226488349266,7,0.526358995341123,7.97409159027039,0.016748008738608287,21,93,0.04407550336650087,859,15
335,COMPLETE,0.6446397049327632,0.7436086453083832,7,0.5101430368840916,8.287079757791997,0.017400210973185302,20,97,0.0003407649757572427,812,16
336,COMPLETE,0.6438359508113437,0.8890220608008232,7,0.5356746532897024,7.323988774731848,0.01781650912561715,21,93,0.0707637224241176,753,17
337,COMPLETE,0.6451114106757712,0.7392612835041455,7,0.5463880085556702,7.514369651968002,0.015649193227994587,19,95,0.03571397742287053,846,17
338,COMPLETE,0.6452666037835226,0.7317856918223983,7,0.5560429428113273,7.730685178112453,0.01611939714095114,20,90,0.05749626291925421,788,16
339,COMPLETE,0.6439700140223924,0.7298963707411773,7,0.5608816870022756,7.632271505952766,0.016458954638658353,20,90,0.09654853967223428,784,16
340,COMPLETE,0.643764291347632,0.7213030884708751,7,0.5585859671321202,7.895066405072793,0.017181470068077125,20,91,0.08096431603210152,789,14
341,COMPLETE,0.6442184323058409,0.732153457907695,7,0.5755173259655321,7.748723114357055,0.0168482276603574,20,94,0.05786581522849088,772,15
342,COMPLETE,0.6451167869216778,0.727026599872355,7,0.554296900512197,8.13014118167147,0.016463966252539007,19,97,0.28916908805784847,796,26
343,COMPLETE,0.6438145565676662,0.7341528028183579,7,0.5860473857329656,8.491216825326752,0.016109418936782482,21,99,0.0572741413970434,803,16
344,COMPLETE,0.6451964303784801,0.7369672505071115,7,0.5510701061453794,8.062244408631365,0.01705763901302214,20,95,0.07223397786855543,818,16
345,COMPLETE,0.6438654755106248,0.7299947363373154,7,0.5452211208931346,8.285736238794911,0.016674548979642836,21,52,0.035366629859542136,790,15
346,COMPLETE,0.6444792177410028,0.7340572240705515,7,0.5374129755095479,7.718250152457331,0.016106031512126022,19,100,0.09457889739200345,811,17
347,COMPLETE,0.6435828707332718,0.7386384102960806,7,0.5662010439534525,8.600567536651935,0.009449177916810143,20,97,0.9599680392852371,728,17
348,COMPLETE,0.6447552567110624,0.7253212244072309,7,0.5701821199913139,7.937178877794276,0.017553422530157136,20,93,0.05105012751273584,1090,16
349,COMPLETE,0.6443820094994015,0.7941956511707496,7,0.5431987885283767,7.544751312676537,0.015715409184066362,21,89,0.017953093817022394,832,18
350,COMPLETE,0.6451880320036452,0.7450047517169929,7,0.5553165763389654,8.424574481500589,0.01631194731146966,19,98,0.046114372785807885,819,17
351,COMPLETE,0.6444348038769785,0.7316728032724774,7,0.4013759203937012,8.153489346115876,0.017011733279323482,20,96,0.11707621685450932,802,15
352,COMPLETE,0.643415471225346,0.737005874036639,7,0.6576760333551095,7.321928922096335,0.016570299011536543,21,92,0.07151768014891066,783,17
353,COMPLETE,0.6438823186996279,0.8277578110037501,7,0.5310362233599465,7.842349550677433,0.015878625156287383,21,100,0.0003871224497400648,832,16
354,COMPLETE,0.64466629323727,0.7416305698129915,7,0.538996794077753,8.634330543667929,0.01732995707631219,20,95,0.030434483816578994,761,18
355,COMPLETE,0.6449667557244481,0.7288987035551692,7,0.5495629340062886,8.33544892129494,0.01784297518235417,19,98,0.0214145229019112,818,14
356,COMPLETE,0.6438573914943546,0.7344253194915032,7,0.6412665936706607,4.7253925817194915,0.01685063054029564,20,94,0.05578151073731748,891,16
357,COMPLETE,0.6450515646640282,0.7394024203157942,7,0.5328057824515384,7.082030861203369,0.016308386963366957,21,96,0.0905888777127375,844,17
358,COMPLETE,0.6438978937376031,0.7473830012550706,7,0.5412343024464797,7.630106293341974,0.015439921293378074,19,49,0.03734250050661304,808,18
359,COMPLETE,0.6439153835050173,0.8573581715732669,7,0.5465432470504167,8.03981730775378,0.0166696006195209,20,91,0.01587365088017075,796,16
360,COMPLETE,0.644987810603766,0.7427368112325677,7,0.5248053019343264,8.711392115380072,0.01598150602401018,14,98,0.06311290739890112,828,17
361,COMPLETE,0.6443113859900506,0.734221492596713,6,0.5536962434912734,7.4270336467268825,0.017295236861539935,21,100,0.037303564443709344,856,15
362,COMPLETE,0.6433569469484771,0.7219114444143011,7,0.5164781718449072,8.476639281869966,0.010370302352640557,20,93,0.08263386382531138,774,18
363,COMPLETE,0.6450393975586742,0.7271969275881219,7,0.5353113165045515,8.198894502602277,0.016284709607106804,19,96,0.016680368744700247,817,16
364,COMPLETE,0.6450085332632371,0.7774556038141484,7,0.5302373047719766,7.951798436845656,0.016788346088796428,20,98,0.0006101717061816182,834,17
365,COMPLETE,0.6443492233300123,0.7547796216740081,7,0.5451335326924149,7.662497530325178,0.01818401093448308,21,95,0.04939210660341416,995,17
366,COMPLETE,0.6450213540915153,0.7389368886741177,7,0.5391764145664727,8.34917959649986,0.015661110915600213,21,97,0.10476012386819616,841,12
367,COMPLETE,0.6439625658677643,0.7318304139388437,7,0.5809415364705154,9.104030583932367,0.014350402127994741,20,88,0.032803500849656095,869,19
368,COMPLETE,0.6450192428879733,0.7369786844712374,7,0.5069377781289592,7.77644934892414,0.017081560069280393,19,92,0.06939406914475756,700,18
369,COMPLETE,0.6445744755306009,0.7440838118353981,7,0.5602096527028025,8.701564956724958,0.0164810767736467,21,100,0.019382222873464985,803,15
370,COMPLETE,0.6446347466408573,0.7490242756291695,7,0.5211764340767531,7.201515362312697,0.015232952021114328,20,94,0.04882874375371248,824,16
371,COMPLETE,0.6448709049402849,0.7403340863879542,7,0.5293204036523157,8.110521490821027,0.017678681059921875,19,98,0.029551559249925266,787,14
372,COMPLETE,0.6387663009562017,0.7320059942672243,7,0.5461673148721456,7.4405784001807165,0.0018516206868149903,20,90,0.7313494534272275,852,16
373,COMPLETE,0.6449654339895741,0.7359899681057082,7,0.5521121443942544,8.462854291370304,0.01598519598418193,21,96,0.06809786763637102,809,18
374,COMPLETE,0.6434754815608841,0.7285929798696672,5,0.5381119640500174,7.884079819188194,0.01737307718515109,20,99,0.01589654777992144,747,17
375,COMPLETE,0.6443414858226145,0.7173708094885931,7,0.5269071515790005,8.270044198303658,0.016878867148634714,21,94,0.04846685031714282,837,19
376,COMPLETE,0.6442142599103468,0.7451324330287251,7,0.5352941219315274,8.86325155887245,0.016286683053665756,20,97,0.12807217386641456,820,18
377,COMPLETE,0.6444291597118406,0.7408435805623371,7,0.5167363483584326,8.07114738525287,0.015608431869180064,19,100,0.08355043021652903,795,15
378,COMPLETE,0.6439930622207907,0.7041221316464115,7,0.5423130577881249,7.580025823300354,0.016605485646537223,20,92,0.035483291377634486,825,16
379,COMPLETE,0.6440673330039427,0.7361161102680541,7,0.5658059326664547,8.559474003631616,0.015997093815293406,19,95,0.000624189091750188,846,13
380,COMPLETE,0.6446233940099662,0.7263519890415574,7,0.5488228787524815,7.864926534533782,0.01694638651539252,21,98,0.548443276368221,862,17
381,COMPLETE,0.6448287808926234,0.7318207777015441,7,0.5320452362180624,8.37094574948168,0.017379492564931428,20,96,0.04991093374230014,808,17
382,COMPLETE,0.6443614118689048,0.7380553206289268,7,0.5576684181778856,7.703927454224054,0.014883376787338283,21,94,0.6163608636321423,835,18
383,COMPLETE,0.6452644782909548,0.7431782464428378,7,0.5233950913464339,8.16613233469466,0.01632712904251275,20,98,0.00029419818977517004,1071,15
384,COMPLETE,0.644480978863416,0.7460963331274757,7,0.5411477200164002,8.151041268701967,0.016541581179343873,19,100,0.061848111097207746,1073,15
385,COMPLETE,0.6443761009872888,0.7496492467235816,7,0.5133399304095155,8.655896720508355,0.01706205355039994,21,98,0.022624337546607837,1075,14
386,COMPLETE,0.6446530008711447,0.7430357359820006,7,0.5513188978517857,9.015224581676701,0.017747948799611248,21,97,0.1027782119591869,1097,15
387,COMPLETE,0.6444436166335576,0.7515250143746012,7,0.5276009535905339,8.26766655445995,0.016339129408439314,20,100,0.03414588102759385,1057,16
388,COMPLETE,0.6449982380202453,0.7416873121479267,7,0.5356852149669424,8.037969166354307,0.01674887045473499,19,98,0.07530523130596535,1084,16
389,COMPLETE,0.6440436596606717,0.7237592113012861,7,0.572163726001118,8.528152722741313,0.016294829270588774,20,96,0.024254650839560257,817,15
390,COMPLETE,0.6450509145133605,0.7337571668135333,7,0.5423814776862897,8.361766405552867,0.017190736697373685,20,93,0.05375045665853046,881,16
391,COMPLETE,0.6446732698540512,0.7287200098579051,7,0.5478070126490371,8.810310048388333,0.01543349400187973,21,90,0.0010719705120170488,850,14
392,COMPLETE,0.6402307331850532,0.7460035968173756,7,0.5204942956729403,2.2895174880785105,0.004004453814538644,18,98,0.08622556386777132,600,17
393,COMPLETE,0.6448766384118332,0.7346015855271111,7,0.5318192696910489,7.945557864736351,0.01677869624340349,20,100,0.03637338694697934,832,15
394,COMPLETE,0.6451239457235362,0.740699920871914,7,0.5034784374356079,9.36060520462269,0.015827391134453063,19,96,0.018283882659073044,1113,16
395,COMPLETE,0.6453949978236385,0.7365461028286003,7,0.5365496683111526,8.191435346015586,0.017479467946590343,21,98,0.0582338022435881,1030,17
396,COMPLETE,0.6437987028936906,0.7374922194806013,7,0.5381285658502976,8.225624968892847,0.01823998530146258,21,67,0.04421857330592341,1033,16
397,COMPLETE,0.6431864610110075,0.7433081933374003,7,0.5255757865099205,8.499610509444155,0.007597375538674688,21,99,0.01722308771342988,1044,17
398,COMPLETE,0.6444666076758531,0.7392130528175384,6,0.5336715850744991,8.12383766138117,0.017214704163599232,21,98,0.061899675146850804,1019,15
399,COMPLETE,0.6447797338120272,0.7334906798342127,7,0.5466768178342429,8.767727946879731,0.017913404979479672,21,100,0.4555075651187546,1044,34
400,COMPLETE,0.6457719316039211,0.7360885207442424,7,0.5421237021597671,8.33894229617566,0.017362237843584143,21,97,0.03688247231659053,1054,17
401,COMPLETE,0.6442950143388944,0.7476322089673246,7,0.5550636451021732,8.424956768430723,0.017653213613655724,21,93,0.016079706813969835,1056,17
402,COMPLETE,0.6450558406549587,0.7429073146395637,7,0.5422772569183792,8.043092663299896,0.018370186277099687,21,96,0.8069072625475283,1026,17
403,COMPLETE,0.6449532097281172,0.7369862134775549,7,0.551728710236773,8.676555356320453,0.017620192493032927,21,97,0.0001969249865435464,1010,17
404,COMPLETE,0.6444871552947599,0.7417239242309602,7,0.5437940219175791,7.860902584480464,0.01889646740600626,21,94,0.033770511465974776,1042,17
405,COMPLETE,0.6442893130176539,0.7367657224006232,7,0.5370551774725681,9.758938577988836,0.0180929890033117,21,92,0.05824888276684971,1047,16
406,COMPLETE,0.644457794919274,0.7320949224271053,7,0.6739319504808106,9.019306383836073,0.013260113867154713,21,97,0.04096846382905381,1032,24
407,COMPLETE,0.6427488810335448,0.7455709421666906,7,0.5483075806454106,8.274054091819469,0.004822199185694738,21,88,0.019128081520291166,1071,17
408,COMPLETE,0.6441681956638579,0.7535453845612314,7,0.5375471735826897,8.559238298007651,0.01744623670831901,20,95,0.06995206193403464,1054,15
409,COMPLETE,0.6439657594650007,0.7399372785361683,7,0.5579955279082419,8.123955159857955,0.017126586777141326,17,98,0.0008708008359140824,1072,16
410,COMPLETE,0.6441535529848074,0.7301891126187108,7,0.5113249216485083,8.379901074056134,0.016129906683425635,20,91,0.20512863604341716,1059,18
411,COMPLETE,0.6448599559743688,0.7370574139477162,7,0.5283686753285761,7.935397962112388,0.015183417175599517,15,96,0.048078825629922425,1033,13
412,COMPLETE,0.6447708674716018,0.7411134319477017,7,0.5420032182768403,8.808797486796786,0.01648200336172096,21,94,0.02894882958477968,1086,17
413,COMPLETE,0.6450794568421271,0.7481154229028241,7,0.5189187983559308,3.934953825195856,0.01748508779348692,20,98,0.0664086252171849,1065,16
414,COMPLETE,0.644921091570678,0.7344155790670739,7,0.5518824471388661,7.783921639214069,0.015510176819042234,21,96,0.036121010870001385,857,18
415,COMPLETE,0.6451902860974439,0.7448460725359122,7,0.5330717052758951,8.190754301657542,0.01695935615173033,20,93,0.02019899145322883,1024,16
416,COMPLETE,0.64442893108743,0.7301183471140551,7,0.54569977864448,8.585475035654065,0.015854071952808517,21,99,0.09752704603884498,1050,17
417,COMPLETE,0.6456305559839881,0.7388794005053914,7,0.5230192753148113,8.380598597526939,0.01791600574502042,20,95,0.5074707901013545,841,15
418,COMPLETE,0.6448027570046304,0.7357217087789949,7,0.5383229303704339,8.336190816813627,0.01803113922692784,20,98,0.3765957990080011,818,14
419,COMPLETE,0.6453128180647807,0.7392078841421291,7,0.5549623260262102,8.547409077035212,0.018403044056453478,20,75,0.050990484460412086,827,13
420,COMPLETE,0.6445422359164434,0.73983133289093,7,0.5614760217045892,8.687050230597963,0.01823850109483586,20,79,0.46260524943440146,1003,11
421,COMPLETE,0.6447825844726474,0.7321898505570618,7,0.5558879784838128,9.115935018289305,0.019421645355159306,21,88,0.5708293561692209,796,12
422,COMPLETE,0.6440247838577677,0.7513598572523026,7,0.550026266888735,8.559279814080197,0.01818060189473521,20,74,0.49870800531335396,805,14
423,COMPLETE,0.6438542979202981,0.7395955602351464,7,0.5592867530795101,8.91119304153513,0.018566505805762627,21,86,0.11229266785724552,1065,13
424,COMPLETE,0.6427979031083462,0.8794561700827871,7,0.5541933189620596,8.433597919185223,0.01844403391162987,20,72,0.5342569607806237,823,10
425,COMPLETE,0.644835743220379,0.7445113249022179,7,0.5460465780131639,8.460677520599813,0.01890815891188907,21,91,0.2575925332353298,812,13
426,COMPLETE,0.6439064778697714,0.7355041649170548,7,0.5645934622569886,8.808080594154093,0.018699003442348466,20,89,0.4826690060946381,826,15
427,COMPLETE,0.6449012762643367,0.7282761355678236,7,0.5430715082838556,8.18306029962513,0.017873724790662727,20,77,0.48545680047994066,794,15
428,COMPLETE,0.6452542616376041,0.7394760797586956,7,0.5508178333556516,8.670515418885058,0.01775707181267709,21,93,0.5108152867756665,838,14
429,COMPLETE,0.6447101033899599,0.7333660681633631,7,0.5265680844379279,8.332203873423293,0.017576327917330402,20,95,0.08043552032741201,812,13
430,COMPLETE,0.6447370453478518,0.743714426958249,7,0.5405237571270906,9.242481353963235,0.01864254243391563,21,91,0.5220016652164386,828,15
431,COMPLETE,0.6448975253950995,0.7485929708100932,7,0.5161707759381813,8.451306560734187,0.017985094174481044,20,100,0.14638825496511862,844,16
432,COMPLETE,0.644263710655918,0.736890339597625,7,0.5065805543100761,8.211583507824477,0.014030555274024772,21,96,0.33974577475176704,799,10
433,COMPLETE,0.6441540638174751,0.7306835382484866,7,0.5486668738352011,8.705653131405086,0.01743424384403679,21,94,0.05930696413888596,823,11
434,COMPLETE,0.6425020595487143,0.7601793302016296,7,0.5557690263138971,9.02803420010108,0.019321021561873215,20,43,0.08426966925340475,1014,14
435,COMPLETE,0.6448935780517593,0.7422155425959519,7,0.5373581179985855,8.048309657199026,0.014632898701692073,20,97,0.41334115407622224,782,17
436,COMPLETE,0.6452429483015335,0.7376172343408605,7,0.5302294272310275,8.555772346583904,0.01733250359411495,21,92,0.05335927057356431,1042,17
437,COMPLETE,0.6452444772272796,0.7323690077712579,7,0.5445958986219968,4.980528217188428,0.017806089281814312,20,97,0.06615055454038204,1194,16
438,COMPLETE,0.643274670738696,0.7562455326257288,7,0.5236479201668082,8.300170936015087,0.0170648063389343,16,62,0.505554546363436,809,15
439,COMPLETE,0.644848614060247,0.7446728784653527,7,0.5612568861035361,8.817887102152572,0.01678736284057187,20,100,0.04586358319455737,838,16
440,COMPLETE,0.6444783818330013,0.7264410301992779,7,0.5398852820123118,8.04917535615628,0.017323802599589874,21,95,0.016102491151376318,817,18
441,COMPLETE,0.6444518292510588,0.7393180510341474,7,0.5512232920927292,8.45007961244376,0.012073331290533961,21,98,0.09509437386141568,850,17
442,COMPLETE,0.643482801114281,0.7346200525414802,7,0.5337218529522233,8.18135140132071,0.018432809120051723,20,55,0.1250410601612752,831,12
443,COMPLETE,0.6448837829246656,0.7490062318544664,7,0.5130684467398666,8.587282047568513,0.016120435561242447,21,90,0.00034121478012420076,1058,18
444,COMPLETE,0.6432801827303465,0.7419458498251661,7,0.5456637560045491,4.525788307396656,0.011396984871219016,20,64,0.036853519019618364,791,15
445,COMPLETE,0.6451678094600724,0.7302993204855383,7,0.5199974276520855,8.930730126766402,0.015520612525826979,21,93,0.0731709430733728,1037,19
446,COMPLETE,0.6450763096842244,0.7358790086526882,7,0.5290920559048732,7.966423926956717,0.015138732596036502,20,96,0.05177744619805332,805,17
447,COMPLETE,0.6447865425327566,0.7395204486352613,7,0.5376655245680219,8.335523443850574,0.01655576817391002,13,100,0.6394251908575703,846,14
448,COMPLETE,0.6448592486675983,0.7456276585738164,7,0.5551919188826182,8.690958345579887,0.017699522190601943,21,94,0.029574438978303877,825,16
449,COMPLETE,0.6447283719092731,0.7336239972431405,7,0.5442288404731302,8.110650976623571,0.01707017006397359,20,98,0.5707901965017104,1078,17
450,COMPLETE,0.6439433649895266,0.7236596139604247,5,0.5254328631482995,8.316142909563187,0.015802380800770063,17,96,0.015699408294626002,870,16
451,COMPLETE,0.6446362755666034,0.729000054911112,6,0.5358053934360921,7.833029858879609,0.016266166865042047,21,98,0.05093615697076347,817,18
452,COMPLETE,0.6439817417402073,0.8068943281438437,7,0.5494481446089401,8.517933664540609,0.016874393346460254,20,94,0.001053548300046038,771,30
453,COMPLETE,0.6448272126720567,0.7370205266689693,7,0.5313054896722732,8.037330028370251,0.017289300148436715,9,100,0.07595457217718372,837,15
454,COMPLETE,0.645000252772864,0.7421731202043697,7,0.5413742923193421,8.934745931364123,0.018053780161344013,21,92,0.03173660685545827,1097,17
455,COMPLETE,0.6452990434440393,0.7333442122021797,7,0.520255072545607,8.246726541495919,0.016593344741653512,20,96,0.10897110900073019,798,16
456,COMPLETE,0.6431667385833328,0.7266596455447837,7,0.5172216087539202,7.954912433741054,0.016150177328762106,12,90,0.13243251355083968,785,25
457,COMPLETE,0.6447485158632047,0.731073413991779,7,0.5081303747739959,8.166697645182438,0.016598541506466353,20,87,0.10910046092330056,798,16
458,COMPLETE,0.6433385891227535,0.7332879960244353,7,0.5208894884213038,8.297876386413478,0.015741732547097716,20,25,0.14009711068991557,802,15
459,COMPLETE,0.6458210215515945,0.7391033414564944,7,0.5023657149235932,7.817019747756412,0.016479874959298497,20,95,0.12012117899252509,777,16
460,COMPLETE,0.6454594984854918,0.7387388388875434,7,0.4935568978000958,7.756826862651244,0.016616404105820725,19,92,0.1471252905348968,771,16
461,COMPLETE,0.6438881128995351,0.7201383067168781,7,0.4942825111208225,7.818135847045106,0.016016006639252588,19,91,0.19131126976913213,761,16
462,COMPLETE,0.6437901009002401,0.7346367606343798,7,0.4974352489585059,7.687055138470339,0.016500853778287125,19,38,0.17269099251712494,746,16
463,COMPLETE,0.64407669588801,0.7288049506300432,7,0.4851928542754875,7.84931385030852,0.015496937663669013,19,89,0.15526714927964494,762,17
464,COMPLETE,0.645076188227506,0.7389996226748515,7,0.4970566100452732,7.705110737207462,0.016650735512693055,19,92,0.12894413984588604,779,16
465,COMPLETE,0.6447314619110732,0.7323695034122607,7,0.5019946904949913,7.935680386337028,0.01501981761363791,20,93,0.14569443326794182,769,17
466,COMPLETE,0.644908702985426,0.7370721580048449,7,0.4804564053355138,7.668379442740009,0.015866929880040008,19,84,0.1669664072481536,779,18
467,COMPLETE,0.6433493237532847,0.7235605543097888,7,0.506566033724974,7.956173774690053,0.016296659415308713,20,70,0.11681728084850596,737,16
468,COMPLETE,0.6455913897646395,0.7392386132078046,7,0.5011170422551524,8.09313870112257,0.01685112900684091,20,88,0.15630180764477586,761,17
469,COMPLETE,0.6437306978482928,0.7484219326908921,7,0.4846639173761331,8.145772004223176,0.010777111553016737,20,87,0.16780291323495156,758,17
470,COMPLETE,0.6450075651817482,0.7414102410729007,7,0.5017402258351932,8.414480666638497,0.016926317879083438,19,85,0.14662052067920306,744,19
471,COMPLETE,0.6446591987360271,0.7456498358641048,7,0.5007881454066945,8.067823169106592,0.017544490307537016,20,82,0.15794031584322432,720,18
472,COMPLETE,0.6455081561901389,0.7395046346353803,7,0.5034067546904106,8.301680194582314,0.017069465113579572,20,94,0.1345122338919485,768,17
473,COMPLETE,0.6447256748556787,0.7412698132945503,7,0.49118242234614273,8.281775820218009,0.017204812042197024,20,94,0.1298096018852274,770,17
474,COMPLETE,0.6449638800580328,0.7512633258591678,7,0.48953962902629167,8.394873040334494,0.016806492469881584,20,95,0.12781408648838571,786,17
475,COMPLETE,0.6442946856913041,0.7464130108576075,7,0.49336886542872227,8.019122053061002,0.017543927650211195,20,93,0.12610508787876062,743,17
476,COMPLETE,0.6456713690135448,0.7388300761662195,7,0.5029438063425096,8.22637938176075,0.017091578546244334,20,95,0.10876221202159847,777,16
477,COMPLETE,0.6442649645179201,0.737208087591587,7,0.4981304874185147,0.16644119566297544,0.017174607275098345,20,95,0.11003476765169307,759,12
478,COMPLETE,0.6451423035492597,0.7354154005643098,7,0.5044151622589415,8.233208882681632,0.01770349444304477,19,96,0.15096564343988328,751,16
479,COMPLETE,0.6444590380645069,0.7395994682863268,7,0.4749605809251957,7.912484554375903,0.017114593447630794,20,95,0.10197672368808691,764,23
480,COMPLETE,0.6445201879498418,0.7430674676620964,7,0.49900826514665025,8.143451955025464,0.016823182201748735,14,96,0.1420199809849214,731,16
481,COMPLETE,0.6444213614760839,0.8452089159637839,7,0.4913486319487345,7.865781822957683,0.01790556801685967,20,97,0.11680551793208321,774,16
482,COMPLETE,0.6450693759345201,0.736395884417954,7,0.5056337140968007,8.294671542953411,0.017386254184127405,20,92,0.1801041555437365,770,16
483,COMPLETE,0.6434214333213049,0.732532408868163,7,0.4891656977456016,8.049853412144454,0.01680685191738978,19,58,0.166804564988568,761,17
484,COMPLETE,0.6441845780317833,0.744994686532671,7,0.5099073909302714,8.44446310196661,0.01834669471602756,20,15,0.3072625222986163,751,17
485,COMPLETE,0.6440533547645856,0.7392557017519147,7,0.5007193790605987,8.191677407498979,0.016608362115474336,20,95,0.21240912665873474,774,39
486,COMPLETE,0.6442395979251078,0.8172413536210206,7,0.511220489680554,7.772291495498463,0.017097968827712622,21,99,0.10660341537243566,785,15
487,COMPLETE,0.6442167462008125,0.7287182240168951,7,0.4984525302056213,8.57037158119847,0.018885331545290863,19,94,0.19171363764815075,786,16
488,COMPLETE,0.6435857499719435,0.7337300375133076,7,0.4944821197423515,7.974169444953754,0.017481637051608916,20,46,0.14290237656652613,755,16
489,COMPLETE,0.645628083982548,0.740173028159206,7,0.5058923357496772,8.35675406069037,0.017014519012061233,21,97,0.11568488756991055,796,17
490,COMPLETE,0.6448043609477614,0.738396015714375,7,0.5065821169466956,8.271133962996606,0.018004965933577703,21,92,0.11664834609954833,797,28
491,COMPLETE,0.6446344394268054,0.7343384583822207,7,0.5058963501894496,8.091754570308245,0.017709089483694117,20,94,0.10101351134765392,774,17
492,COMPLETE,0.645290580768589,0.74445376306521,7,0.5134528514198621,8.384536248507914,0.017131479858821262,19,96,0.13338099497782444,795,17
493,COMPLETE,0.6438406840510954,0.7295957385701493,7,0.5026085489019734,7.839315427828389,0.01683510999289574,20,97,0.1576212554536552,805,18
494,COMPLETE,0.6442138705343972,0.7398209973913917,6,0.487362842210293,7.527573997419427,0.01741554923189545,21,93,0.11127690440327703,776,17
495,COMPLETE,0.6450003063567102,0.7347518041301222,7,0.5115549663381666,2.9552710361622005,0.01704160790330075,21,91,0.09347694428288313,792,17
496,COMPLETE,0.6447092531929328,0.7484129181921256,7,0.5045989632288368,8.151608219005384,0.016596727596155304,20,95,0.12498051657219021,810,17
497,COMPLETE,0.6451183265641931,0.7417990511991981,7,0.49581259189969396,8.41534956985611,0.01809990846753223,21,97,0.13830846953057319,767,16
498,COMPLETE,0.6440330679203972,0.7264671485454044,7,0.5158388006707595,8.010685575861356,0.01756719705009703,20,98,0.09269781721958562,802,18
499,COMPLETE,0.6454926418805226,0.7367964167328145,7,0.513205246561663,7.670091062249052,0.016642797792098103,19,94,0.5233937547912847,788,16
